unit,geo\time	2019 	2018 	2017 	2016 	2015 	2014 	2013 	2012 	2011 	2010 	2009 	2008 	2007 	2006 	2005 	2004 	2003 	2002 	2001 	2000 	1999 	1998 	1997 	1996 	1995 	1994 	1993 	1992 	1991 	1990 
NR,AL	293 	257 	248 	277 	233 	281 	282 	: 	: 	: 	: 	: 	: 	: 	: 	: 	: 	: 	: 	: 	: 	: 	: 	: 	: 	: 	: 	: 	: 	: 
NR,AL0	288 	252 	241 	273 	233 	275 	282 	: 	: 	: 	: 	: 	: 	: 	: 	: 	: 	: 	: 	: 	: 	: 	: 	: 	: 	: 	: 	: 	: 	: 
NR,AL01	99 	81 	76 	83 	: 	97 	: 	: 	: 	: 	: 	: 	: 	: 	: 	: 	: 	: 	: 	: 	: 	: 	: 	: 	: 	: 	: 	: 	: 	: 
NR,AL02	128 	124 	104 	134 	: 	116 	: 	: 	: 	: 	: 	: 	: 	: 	: 	: 	: 	: 	: 	: 	: 	: 	: 	: 	: 	: 	: 	: 	: 	: 
NR,AL03	61 	47 	61 	56 	: 	62 	: 	: 	: 	: 	: 	: 	: 	: 	: 	: 	: 	: 	: 	: 	: 	: 	: 	: 	: 	: 	: 	: 	: 	: 
NR,ALX	5 	5 	: 	: 	: 	: 	: 	: 	: 	: 	: 	: 	: 	: 	: 	: 	: 	: 	: 	: 	: 	: 	: 	: 	: 	: 	: 	: 	: 	: 
NR,ALXX	5 	5 	: 	4 	: 	: 	: 	: 	: 	: 	: 	: 	: 	: 	: 	: 	: 	: 	: 	: 	: 	: 	: 	: 	: 	: 	: 	: 	: 	: 
NR,AT	250 	231 	256 	269 	259 	249 	245 	252 	281 	307 	289 	287 	280 	281 	327 	353 	343 	318 	365 	378 	341 	400 	398 	451 	481 	578 	618 	718 	708 	709 
NR,AT1	142 	117 	131 	145 	136 	139 	133 	127 	158 	160 	153 	169 	161 	130 	155 	164 	180 	155 	164 	167 	156 	178 	150 	176 	: 	239 	264 	298 	293 	284 
NR,AT11	4 	9 	4 	10 	6 	6 	8 	5 	8 	5 	2 	7 	9 	8 	8 	5 	13 	5 	12 	11 	7 	7 	11 	15 	: 	14 	14 	20 	22 	13 
NR,AT12	45 	30 	43 	47 	45 	46 	38 	43 	54 	51 	57 	66 	60 	49 	51 	63 	63 	56 	56 	76 	72 	65 	68 	74 	: 	124 	109 	105 	125 	129 
NR,AT13	93 	78 	84 	88 	85 	87 	87 	79 	96 	104 	94 	96 	92 	73 	96 	96 	104 	94 	96 	80 	77 	106 	71 	87 	: 	101 	141 	173 	146 	142 
NR,AT2	34 	38 	31 	34 	49 	36 	33 	46 	38 	42 	41 	37 	35 	53 	51 	48 	43 	42 	58 	62 	54 	62 	79 	78 	: 	90 	108 	136 	130 	131 
NR,AT21	5 	11 	4 	11 	15 	6 	4 	13 	18 	8 	14 	9 	10 	18 	14 	14 	11 	12 	25 	17 	19 	23 	25 	32 	: 	33 	38 	48 	49 	48 
NR,AT22	29 	27 	27 	23 	34 	30 	29 	33 	20 	34 	27 	28 	25 	35 	37 	34 	32 	30 	33 	45 	35 	39 	54 	46 	: 	57 	70 	88 	81 	83 
NR,AT3	74 	76 	94 	90 	74 	74 	79 	79 	85 	105 	95 	81 	84 	98 	121 	141 	120 	121 	143 	149 	131 	160 	169 	197 	: 	249 	246 	284 	285 	294 
NR,AT31	42 	35 	41 	43 	39 	42 	37 	40 	40 	53 	52 	42 	45 	46 	50 	72 	63 	51 	63 	69 	59 	62 	92 	95 	: 	123 	124 	147 	139 	126 
NR,AT32	9 	15 	19 	10 	17 	15 	10 	13 	9 	25 	12 	13 	12 	11 	24 	25 	23 	24 	21 	19 	15 	26 	32 	29 	: 	38 	36 	33 	36 	48 
NR,AT33	13 	17 	23 	18 	10 	14 	19 	14 	22 	17 	18 	11 	15 	23 	27 	28 	21 	27 	33 	38 	28 	48 	27 	50 	: 	63 	65 	67 	69 	77 
NR,AT34	10 	9 	11 	19 	8 	3 	13 	12 	14 	10 	13 	15 	12 	18 	20 	16 	13 	19 	26 	23 	29 	24 	18 	23 	: 	25 	21 	37 	41 	43 
NR,BE	429 	444 	429 	387 	400 	423 	436 	483 	434 	465 	439 	478 	487 	489 	441 	437 	462 	492 	518 	554 	556 	591 	625 	578 	676 	729 	813 	860 	879 	807 
NR,BE1	59 	62 	67 	55 	46 	59 	46 	65 	49 	56 	58 	77 	68 	55 	48 	58 	75 	71 	68 	74 	71 	67 	74 	46 	80 	74 	80 	90 	105 	80 
NR,BE10	59 	62 	67 	55 	46 	59 	46 	65 	49 	56 	58 	77 	68 	55 	48 	58 	75 	71 	68 	74 	71 	67 	74 	46 	80 	74 	80 	90 	105 	80 
NR,BE2	233 	252 	232 	207 	242 	216 	243 	280 	250 	262 	241 	276 	278 	277 	240 	237 	254 	258 	266 	294 	292 	322 	330 	339 	385 	394 	432 	471 	460 	465 
NR,BE21	75 	93 	72 	66 	62 	67 	73 	105 	76 	88 	66 	95 	62 	87 	65 	66 	78 	76 	61 	91 	80 	90 	83 	86 	98 	105 	122 	133 	127 	142 
NR,BE22	29 	28 	19 	20 	20 	23 	30 	31 	35 	25 	26 	31 	26 	28 	30 	24 	33 	39 	26 	34 	39 	38 	51 	41 	56 	52 	55 	54 	70 	66 
NR,BE23	50 	57 	64 	55 	61 	49 	62 	67 	56 	67 	75 	71 	99 	70 	74 	77 	50 	60 	72 	75 	68 	88 	79 	82 	100 	101 	96 	110 	93 	104 
NR,BE24	47 	37 	43 	32 	42 	45 	37 	36 	41 	39 	36 	39 	44 	43 	25 	41 	39 	34 	57 	42 	44 	50 	47 	44 	55 	64 	69 	58 	82 	73 
NR,BE25	32 	37 	34 	34 	57 	32 	41 	41 	42 	43 	38 	40 	47 	49 	46 	29 	54 	49 	50 	52 	61 	56 	70 	86 	76 	72 	90 	116 	88 	80 
NR,BE3	137 	130 	130 	125 	112 	148 	147 	138 	135 	147 	140 	125 	141 	157 	153 	142 	133 	163 	184 	186 	193 	202 	221 	193 	211 	261 	301 	299 	314 	262 
NR,BE31	13 	7 	15 	13 	6 	10 	6 	19 	16 	13 	10 	10 	8 	8 	8 	11 	13 	13 	14 	13 	17 	19 	16 	19 	9 	26 	25 	21 	24 	18 
NR,BE32	59 	60 	53 	55 	49 	68 	71 	45 	55 	73 	56 	51 	74 	64 	56 	51 	40 	69 	70 	71 	66 	79 	81 	79 	75 	114 	117 	111 	115 	88 
NR,BE33	38 	43 	40 	31 	38 	46 	36 	45 	40 	35 	37 	30 	34 	46 	54 	48 	52 	47 	53 	58 	60 	62 	66 	54 	64 	74 	98 	108 	100 	100 
NR,BE34	13 	6 	8 	8 	7 	11 	14 	12 	10 	7 	16 	11 	8 	17 	14 	15 	9 	10 	18 	9 	20 	12 	22 	15 	20 	21 	28 	33 	30 	17 
NR,BE35	14 	14 	14 	18 	12 	13 	20 	17 	14 	19 	21 	23 	17 	22 	21 	17 	19 	24 	29 	35 	30 	30 	36 	26 	43 	26 	33 	26 	45 	39 
NR,BG	342 	358 	408 	423 	434 	517 	489 	536 	601 	708 	729 	668 	690 	720 	739 	814 	831 	887 	982 	981 	1057 	943 	1123 	1125 	1065 	1296 	1310 	1420 	1624 	1554 
NR,BG3	199 	199 	249 	241 	255 	280 	266 	329 	335 	457 	439 	385 	427 	435 	433 	522 	515 	536 	640 	593 	626 	552 	702 	676 	629 	793 	741 	788 	962 	836 
NR,BG31	31 	47 	49 	58 	50 	59 	56 	72 	62 	71 	89 	73 	87 	92 	104 	124 	92 	107 	123 	124 	137 	152 	138 	169 	157 	183 	155 	182 	232 	165 
NR,BG32	34 	33 	47 	43 	53 	48 	52 	60 	65 	67 	74 	65 	64 	58 	75 	83 	90 	102 	117 	109 	109 	101 	160 	140 	136 	169 	152 	163 	176 	174 
NR,BG33	40 	48 	61 	45 	56 	60 	60 	81 	85 	130 	103 	115 	102 	128 	109 	109 	135 	134 	178 	160 	162 	130 	159 	176 	149 	183 	191 	189 	255 	222 
NR,BG34	94 	71 	92 	95 	96 	113 	98 	116 	123 	189 	173 	132 	174 	157 	145 	206 	198 	193 	222 	200 	218 	169 	245 	191 	187 	258 	243 	254 	299 	275 
NR,BG4	143 	159 	159 	182 	179 	237 	223 	207 	266 	251 	290 	283 	263 	285 	306 	292 	316 	351 	342 	388 	431 	391 	421 	449 	436 	503 	569 	632 	662 	718 
NR,BG41	63 	70 	69 	88 	73 	125 	109 	91 	117 	118 	140 	143 	121 	128 	122 	135 	145 	169 	154 	165 	194 	208 	188 	229 	233 	265 	279 	304 	330 	357 
NR,BG42	80 	89 	90 	94 	106 	112 	114 	116 	149 	133 	150 	140 	142 	157 	184 	157 	171 	182 	188 	223 	237 	183 	233 	220 	203 	238 	290 	328 	332 	361 
NR,CH	283 	287 	310 	316 	340 	331 	320 	296 	305 	307 	337 	308 	293 	325 	308 	309 	311 	326 	363 	386 	361 	377 	387 	389 	415 	424 	465 	557 	537 	574 
NR,CH0	283 	287 	310 	316 	340 	331 	320 	296 	305 	307 	337 	308 	293 	325 	308 	309 	311 	326 	363 	386 	361 	377 	387 	389 	415 	424 	465 	557 	537 	574 
NR,CH01	44 	42 	58 	67 	71 	52 	60 	46 	45 	62 	72 	57 	45 	51 	51 	53 	46 	64 	59 	63 	59 	61 	64 	83 	76 	80 	94 	114 	109 	111 
NR,CH02	60 	64 	70 	66 	72 	56 	65 	63 	69 	54 	73 	76 	60 	86 	59 	74 	71 	78 	88 	99 	102 	98 	90 	83 	98 	106 	104 	118 	111 	131 
NR,CH03	46 	42 	38 	42 	48 	52 	54 	41 	51 	50 	47 	34 	35 	34 	37 	39 	41 	32 	51 	47 	52 	45 	42 	55 	49 	55 	59 	70 	72 	82 
NR,CH04	56 	66 	70 	55 	55 	84 	72 	72 	65 	68 	70 	74 	73 	79 	75 	61 	72 	64 	74 	67 	52 	63 	68 	61 	80 	59 	71 	88 	81 	95 
NR,CH05	39 	41 	44 	45 	52 	45 	42 	40 	39 	36 	38 	38 	45 	33 	40 	45 	46 	53 	47 	60 	51 	64 	68 	51 	60 	68 	73 	98 	78 	77 
NR,CH06	32 	30 	22 	31 	30 	33 	22 	27 	29 	27 	23 	22 	22 	29 	36 	28 	29 	23 	34 	43 	32 	35 	38 	37 	39 	40 	48 	52 	61 	58 
NR,CH07	6 	2 	8 	10 	12 	9 	5 	7 	7 	10 	14 	7 	13 	13 	10 	9 	6 	12 	10 	7 	13 	11 	17 	19 	13 	16 	16 	17 	25 	20 
NR,CY	25 	22 	12 	25 	25 	19 	15 	36 	30 	31 	32 	32 	32 	27 	38 	29 	33 	37 	40 	47 	51 	62 	74 	82 	84 	89 	91 	: 	: 	: 
NR,CY0	25 	22 	12 	25 	25 	19 	15 	36 	30 	31 	32 	32 	32 	27 	38 	29 	33 	37 	40 	47 	51 	62 	74 	82 	84 	89 	91 	: 	: 	: 
NR,CY00	25 	22 	12 	25 	25 	19 	15 	36 	30 	31 	32 	32 	32 	27 	38 	29 	33 	37 	40 	47 	51 	62 	74 	82 	84 	89 	91 	: 	: 	: 
NR,CZ	288 	292 	304 	317 	272 	263 	265 	285 	298 	313 	341 	338 	360 	352 	347 	366 	365 	385 	360 	373 	413 	472 	531 	547 	740 	847 	1028 	1204 	1343 	1410 
NR,CZ0	288 	292 	304 	317 	272 	263 	265 	285 	298 	313 	341 	338 	360 	352 	347 	366 	365 	385 	360 	373 	413 	472 	531 	547 	740 	847 	1028 	1204 	1343 	1410 
NR,CZ01	30 	31 	25 	30 	26 	16 	22 	22 	27 	40 	34 	21 	29 	32 	23 	34 	25 	38 	30 	22 	25 	44 	42 	38 	62 	69 	84 	119 	: 	: 
NR,CZ02	29 	24 	30 	42 	34 	30 	23 	30 	32 	32 	44 	41 	35 	30 	34 	41 	33 	28 	32 	35 	52 	51 	55 	46 	58 	81 	109 	115 	: 	: 
NR,CZ03	31 	31 	37 	37 	34 	25 	33 	33 	27 	38 	29 	36 	32 	32 	37 	36 	44 	42 	45 	45 	51 	48 	59 	67 	96 	96 	110 	143 	: 	: 
NR,CZ04	41 	41 	52 	55 	46 	43 	32 	42 	58 	60 	52 	53 	71 	56 	77 	62 	77 	50 	66 	62 	66 	71 	89 	83 	124 	139 	140 	162 	: 	: 
NR,CZ05	31 	44 	45 	41 	30 	36 	41 	47 	46 	36 	39 	54 	48 	47 	49 	60 	49 	66 	44 	53 	61 	66 	58 	79 	118 	129 	158 	184 	: 	: 
NR,CZ06	44 	43 	39 	39 	35 	56 	35 	55 	44 	34 	46 	49 	69 	57 	51 	37 	51 	65 	47 	46 	59 	73 	78 	87 	87 	102 	152 	182 	: 	: 
NR,CZ07	35 	36 	39 	32 	35 	35 	41 	30 	35 	37 	56 	31 	40 	47 	37 	46 	38 	37 	41 	45 	39 	52 	69 	60 	68 	104 	128 	150 	: 	: 
NR,CZ08	47 	42 	37 	41 	32 	22 	38 	26 	29 	36 	41 	53 	36 	51 	39 	50 	48 	59 	55 	65 	60 	67 	81 	87 	127 	127 	147 	149 	: 	: 
NR,DE	2485 	2505 	2571 	2700 	2405 	2284 	2250 	2202 	2408 	2322 	2334 	2414 	2656 	2579 	2696 	2918 	2990 	3036 	3163 	3362 	3496 	3666 	3951 	3962 	4053 	4309 	4665 	4992 	5711 	6385 
NR,DE1	332 	286 	362 	368 	293 	293 	277 	293 	289 	288 	290 	286 	273 	299 	308 	330 	332 	341 	: 	: 	: 	: 	: 	: 	: 	: 	: 	: 	: 	: 
NR,DE11	127 	112 	129 	134 	131 	110 	94 	114 	112 	124 	100 	114 	124 	122 	117 	130 	130 	124 	: 	: 	: 	: 	: 	: 	: 	: 	: 	: 	: 	: 
NR,DE12	76 	76 	84 	89 	78 	72 	65 	78 	65 	64 	78 	69 	52 	74 	75 	81 	80 	90 	: 	: 	: 	: 	: 	: 	: 	: 	: 	: 	: 	: 
NR,DE13	81 	53 	80 	90 	48 	70 	73 	49 	60 	53 	76 	60 	54 	62 	73 	73 	62 	59 	: 	: 	: 	: 	: 	: 	: 	: 	: 	: 	: 	: 
NR,DE14	48 	45 	69 	55 	36 	41 	45 	52 	52 	47 	36 	43 	43 	41 	43 	46 	60 	68 	: 	: 	: 	: 	: 	: 	: 	: 	: 	: 	: 	: 
NR,DE2	366 	328 	333 	378 	326 	316 	301 	284 	325 	321 	329 	330 	411 	349 	374 	377 	426 	449 	: 	: 	: 	: 	: 	: 	: 	: 	: 	: 	: 	: 
NR,DE21	123 	111 	129 	124 	103 	107 	108 	95 	123 	111 	129 	123 	143 	118 	120 	118 	131 	138 	: 	: 	: 	: 	: 	: 	: 	: 	: 	: 	: 	: 
NR,DE22	43 	37 	27 	42 	42 	38 	36 	35 	44 	45 	22 	30 	33 	34 	39 	38 	42 	45 	: 	: 	: 	: 	: 	: 	: 	: 	: 	: 	: 	: 
NR,DE23	32 	27 	27 	31 	27 	26 	19 	16 	24 	30 	29 	18 	27 	28 	38 	27 	41 	48 	: 	: 	: 	: 	: 	: 	: 	: 	: 	: 	: 	: 
NR,DE24	28 	32 	24 	33 	28 	22 	21 	28 	24 	31 	31 	24 	29 	32 	18 	31 	40 	31 	: 	: 	: 	: 	: 	: 	: 	: 	: 	: 	: 	: 
NR,DE25	49 	61 	47 	55 	45 	44 	41 	31 	37 	41 	54 	49 	70 	52 	77 	67 	56 	72 	: 	: 	: 	: 	: 	: 	: 	: 	: 	: 	: 	: 
NR,DE26	32 	25 	29 	45 	32 	33 	21 	34 	40 	28 	22 	33 	50 	40 	30 	46 	40 	50 	: 	: 	: 	: 	: 	: 	: 	: 	: 	: 	: 	: 
NR,DE27	59 	35 	50 	48 	49 	46 	55 	45 	33 	35 	42 	53 	59 	45 	52 	50 	76 	65 	: 	: 	: 	: 	: 	: 	: 	: 	: 	: 	: 	: 
NR,DE3	119 	146 	110 	142 	121 	103 	124 	87 	107 	101 	124 	108 	109 	108 	98 	114 	112 	95 	: 	: 	: 	: 	: 	: 	: 	: 	: 	: 	: 	: 
NR,DE30	119 	146 	110 	142 	121 	103 	124 	87 	107 	101 	124 	108 	109 	108 	98 	114 	112 	95 	: 	: 	: 	: 	: 	: 	: 	: 	: 	: 	: 	: 
NR,DE4	53 	44 	55 	69 	49 	57 	51 	48 	67 	64 	59 	41 	58 	52 	73 	76 	61 	76 	: 	: 	: 	: 	: 	: 	: 	: 	: 	: 	: 	: 
NR,DE40	53 	44 	55 	69 	49 	57 	51 	48 	67 	64 	59 	41 	58 	52 	73 	76 	61 	76 	: 	: 	: 	: 	: 	: 	: 	: 	: 	: 	: 	: 
NR,DE5	31 	38 	34 	29 	29 	35 	20 	24 	35 	27 	30 	28 	38 	21 	29 	23 	20 	33 	: 	: 	: 	: 	: 	: 	: 	: 	: 	: 	: 	: 
NR,DE50	31 	38 	34 	29 	29 	35 	20 	24 	35 	27 	30 	28 	38 	21 	29 	23 	20 	33 	: 	: 	: 	: 	: 	: 	: 	: 	: 	: 	: 	: 
NR,DE6	66 	56 	67 	58 	67 	63 	68 	62 	69 	67 	63 	49 	57 	56 	74 	63 	57 	55 	: 	: 	: 	: 	: 	: 	: 	: 	: 	: 	: 	: 
NR,DE60	66 	56 	67 	58 	67 	63 	68 	62 	69 	67 	63 	49 	57 	56 	74 	63 	57 	55 	: 	: 	: 	: 	: 	: 	: 	: 	: 	: 	: 	: 
NR,DE7	185 	188 	183 	178 	178 	182 	190 	157 	189 	168 	168 	207 	208 	193 	209 	239 	215 	239 	: 	: 	: 	: 	: 	: 	: 	: 	: 	: 	: 	: 
NR,DE71	107 	120 	120 	122 	104 	130 	118 	100 	126 	108 	113 	122 	129 	109 	129 	164 	137 	147 	: 	: 	: 	: 	: 	: 	: 	: 	: 	: 	: 	: 
NR,DE72	40 	36 	30 	31 	34 	27 	34 	24 	29 	31 	28 	34 	29 	39 	32 	32 	40 	46 	: 	: 	: 	: 	: 	: 	: 	: 	: 	: 	: 	: 
NR,DE73	38 	32 	33 	25 	40 	25 	38 	33 	34 	29 	27 	51 	50 	45 	48 	43 	38 	46 	: 	: 	: 	: 	: 	: 	: 	: 	: 	: 	: 	: 
NR,DE8	28 	36 	42 	43 	34 	29 	37 	39 	32 	34 	47 	48 	33 	51 	42 	55 	41 	54 	: 	: 	: 	: 	: 	: 	: 	: 	: 	: 	: 	: 
NR,DE80	28 	36 	42 	43 	34 	29 	37 	39 	32 	34 	47 	48 	33 	51 	42 	55 	41 	54 	: 	: 	: 	: 	: 	: 	: 	: 	: 	: 	: 	: 
NR,DE9	284 	283 	287 	293 	239 	233 	234 	236 	309 	264 	260 	270 	275 	308 	302 	312 	349 	341 	: 	: 	: 	: 	: 	: 	: 	: 	: 	: 	: 	: 
NR,DE91	61 	63 	53 	52 	54 	44 	35 	54 	62 	53 	42 	48 	38 	52 	49 	56 	67 	58 	: 	: 	: 	: 	: 	: 	: 	: 	: 	: 	: 	: 
NR,DE92	76 	82 	80 	75 	53 	54 	67 	52 	73 	66 	64 	69 	91 	73 	81 	90 	94 	80 	: 	: 	: 	: 	: 	: 	: 	: 	: 	: 	: 	: 
NR,DE93	58 	54 	63 	63 	54 	56 	52 	49 	81 	57 	51 	51 	52 	64 	57 	53 	62 	71 	: 	: 	: 	: 	: 	: 	: 	: 	: 	: 	: 	: 
NR,DE94	89 	84 	91 	103 	78 	79 	80 	81 	93 	88 	103 	102 	94 	119 	115 	113 	126 	132 	: 	: 	: 	: 	: 	: 	: 	: 	: 	: 	: 	: 
NR,DEA	630 	654 	655 	704 	651 	610 	560 	552 	611 	616 	576 	644 	728 	687 	704 	796 	808 	792 	: 	: 	: 	: 	: 	: 	: 	: 	: 	: 	: 	: 
NR,DEA1	192 	202 	222 	214 	199 	192 	166 	162 	182 	210 	174 	184 	232 	198 	216 	219 	241 	205 	: 	: 	: 	: 	: 	: 	: 	: 	: 	: 	: 	: 
NR,DEA2	154 	161 	156 	155 	154 	111 	121 	131 	140 	146 	141 	137 	161 	143 	159 	182 	188 	195 	: 	: 	: 	: 	: 	: 	: 	: 	: 	: 	: 	: 
NR,DEA3	95 	86 	78 	106 	89 	96 	84 	83 	82 	93 	89 	113 	115 	107 	100 	130 	126 	109 	: 	: 	: 	: 	: 	: 	: 	: 	: 	: 	: 	: 
NR,DEA4	63 	74 	68 	71 	74 	63 	74 	64 	68 	57 	58 	67 	79 	83 	83 	108 	98 	110 	: 	: 	: 	: 	: 	: 	: 	: 	: 	: 	: 	: 
NR,DEA5	126 	131 	131 	158 	135 	148 	115 	112 	139 	110 	114 	143 	141 	156 	146 	157 	155 	173 	: 	: 	: 	: 	: 	: 	: 	: 	: 	: 	: 	: 
NR,DEB	113 	128 	138 	129 	122 	100 	99 	130 	107 	97 	124 	99 	150 	138 	124 	139 	166 	159 	: 	: 	: 	: 	: 	: 	: 	: 	: 	: 	: 	: 
NR,DEB1	42 	43 	42 	44 	44 	32 	36 	44 	29 	39 	43 	48 	60 	50 	43 	55 	74 	69 	: 	: 	: 	: 	: 	: 	: 	: 	: 	: 	: 	: 
NR,DEB2	10 	21 	21 	14 	16 	16 	15 	16 	17 	8 	23 	10 	20 	14 	14 	13 	12 	19 	: 	: 	: 	: 	: 	: 	: 	: 	: 	: 	: 	: 
NR,DEB3	61 	64 	75 	71 	62 	52 	48 	70 	61 	50 	58 	41 	70 	74 	67 	71 	80 	71 	: 	: 	: 	: 	: 	: 	: 	: 	: 	: 	: 	: 
NR,DEC	30 	31 	24 	36 	25 	24 	34 	27 	30 	20 	17 	24 	31 	33 	32 	32 	47 	37 	: 	: 	: 	: 	: 	: 	: 	: 	: 	: 	: 	: 
NR,DEC0	30 	31 	24 	36 	25 	24 	34 	27 	30 	20 	17 	24 	31 	33 	32 	32 	47 	37 	: 	: 	: 	: 	: 	: 	: 	: 	: 	: 	: 	: 
NR,DED	87 	84 	86 	83 	86 	84 	90 	82 	78 	77 	84 	90 	81 	84 	110 	114 	116 	102 	: 	: 	: 	: 	: 	: 	: 	: 	: 	: 	: 	: 
NR,DED2	30 	32 	42 	31 	35 	38 	35 	29 	35 	32 	35 	40 	34 	42 	46 	53 	58 	44 	: 	: 	: 	: 	: 	: 	: 	: 	: 	: 	: 	: 
NR,DED4	27 	33 	24 	23 	23 	26 	34 	28 	31 	: 	: 	: 	: 	: 	: 	: 	: 	: 	: 	: 	: 	: 	: 	: 	: 	: 	: 	: 	: 	: 
NR,DED5	30 	19 	20 	29 	28 	20 	21 	25 	12 	: 	: 	: 	: 	: 	: 	: 	: 	: 	: 	: 	: 	: 	: 	: 	: 	: 	: 	: 	: 	: 
NR,DEE	37 	49 	72 	52 	65 	42 	49 	50 	51 	49 	49 	61 	52 	58 	53 	70 	72 	87 	: 	: 	: 	: 	: 	: 	: 	: 	: 	: 	: 	: 
NR,DEE0	37 	49 	72 	52 	65 	42 	49 	50 	51 	49 	49 	61 	52 	58 	53 	70 	72 	87 	: 	: 	: 	: 	: 	: 	: 	: 	: 	: 	: 	: 
NR,DEF	77 	102 	76 	85 	70 	71 	71 	74 	69 	85 	62 	73 	95 	72 	96 	99 	97 	107 	: 	: 	: 	: 	: 	: 	: 	: 	: 	: 	: 	: 
NR,DEF0	77 	102 	76 	85 	70 	71 	71 	74 	69 	85 	62 	73 	95 	72 	96 	99 	97 	107 	: 	: 	: 	: 	: 	: 	: 	: 	: 	: 	: 	: 
NR,DEG	47 	52 	47 	53 	50 	42 	45 	56 	40 	44 	52 	56 	57 	70 	68 	79 	71 	69 	: 	: 	: 	: 	: 	: 	: 	: 	: 	: 	: 	: 
NR,DEG0	47 	52 	47 	53 	50 	42 	45 	56 	40 	44 	52 	56 	57 	70 	68 	79 	71 	69 	: 	: 	: 	: 	: 	: 	: 	: 	: 	: 	: 	: 
NR,DK	181 	226 	231 	194 	216 	229 	194 	197 	208 	216 	193 	262 	256 	250 	280 	251 	286 	284 	320 	358 	169 	309 	351 	376 	353 	380 	367 	444 	471 	473 
NR,DK0	181 	226 	231 	194 	216 	229 	194 	197 	208 	216 	193 	262 	256 	250 	280 	251 	286 	284 	320 	358 	281 	309 	351 	376 	353 	380 	367 	444 	471 	473 
NR,DK01	69 	75 	74 	76 	82 	82 	71 	70 	75 	90 	62 	86 	70 	73 	: 	: 	: 	: 	: 	: 	: 	: 	: 	: 	: 	: 	: 	: 	: 	: 
NR,DK02	21 	28 	35 	28 	29 	34 	22 	25 	37 	23 	23 	27 	42 	47 	: 	: 	: 	: 	: 	: 	: 	: 	: 	: 	: 	: 	: 	: 	: 	: 
NR,DK03	39 	51 	46 	24 	40 	47 	42 	51 	40 	50 	38 	65 	52 	58 	: 	: 	: 	: 	: 	: 	: 	: 	: 	: 	: 	: 	: 	: 	: 	: 
NR,DK04	41 	56 	50 	48 	53 	50 	38 	37 	40 	42 	49 	51 	64 	53 	: 	: 	: 	: 	: 	: 	: 	: 	: 	: 	: 	: 	: 	: 	: 	: 
NR,DK05	11 	16 	26 	18 	12 	16 	21 	14 	16 	11 	21 	33 	28 	19 	: 	: 	: 	: 	: 	: 	: 	: 	: 	: 	: 	: 	: 	: 	: 	: 
NR,EE	22 	23 	32 	33 	35 	36 	28 	50 	36 	53 	57 	80 	79 	66 	78 	90 	91 	74 	111 	110 	119 	114 	126 	139 	201 	204 	238 	283 	258 	275 
NR,EE0	22 	23 	32 	33 	35 	36 	28 	50 	36 	53 	57 	80 	79 	66 	78 	90 	91 	74 	111 	110 	119 	114 	126 	139 	201 	204 	238 	283 	258 	275 
NR,EE00	22 	23 	32 	33 	35 	36 	28 	50 	36 	53 	57 	80 	79 	66 	78 	90 	91 	74 	111 	110 	119 	114 	126 	139 	201 	204 	238 	283 	258 	275 
NR,EFTA	: 	423 	451 	448 	484 	480 	470 	454 	452 	490 	539 	483 	482 	518 	494 	507 	509 	528 	597 	628 	607 	623 b	666 	654 	687 	753 	788 	929 	939 	1021 
NR,EL	314 	300 	306 	387 	364 	345 	345 	293 	357 	436 	371 	314 	397 	415 	409 	429 	420 	530 	522 	561 	619 	674 	657 	730 	827 	823 	864 	871 	927 	993 
NR,EL3	122 	108 	123 	119 	131 	130 	124 	102 	131 	186 	147 	105 	150 	159 	153 	176 	144 	188 	207 	183 	265 	249 	236 	242 	301 	318 	298 	358 	376 	398 
NR,EL30	122 	108 	123 	119 	131 	130 	124 	102 	131 	186 	147 	105 	150 	159 	153 	176 	144 	188 	207 	183 	265 	249 	236 	242 	301 	318 	298 	358 	376 	398 
NR,EL4	38 	36 	38 	44 	40 	36 	36 	26 	27 	40 	27 	21 	38 	36 	30 	37 	41 	51 	55 	54 	46 	53 	63 	72 	78 	73 	87 	71 	77 	82 
NR,EL41	5 	6 	5 	7 	7 	7 	8 	9 	6 	8 	6 	4 	6 	10 	5 	9 	10 	6 	9 	16 	8 	10 	8 	9 	10 	13 	13 	8 	17 	15 
NR,EL42	17 	14 	8 	12 	13 	9 	8 	4 	8 	14 	6 	5 	8 	4 	9 	12 	9 	16 	14 	7 	9 	13 	16 	12 	15 	16 	14 	18 	11 	21 
NR,EL43	16 	16 	25 	25 	20 	20 	20 	13 	13 	18 	15 	12 	24 	22 	16 	16 	22 	29 	32 	31 	29 	30 	39 	51 	53 	44 	60 	45 	49 	46 
NR,EL5	88 	82 	81 	132 	105 	107 	122 	98 	128 	126 	111 	121 	134 	123 	121 	110 	134 	150 	129 	171 	172 	201 	181 	229 	235 	262 	276 	253 	272 	: 
NR,EL51	25 	16 	26 	28 	22 	20 	41 	21 	26 	32 	32 	30 	36 	31 	27 	35 	25 	44 	35 	41 	45 	57 	50 	51 	65 	60 	58 	51 	49 	: 
NR,EL52	56 	46 	44 	76 	68 	70 	63 	61 	78 	77 	63 	81 	89 	81 	76 	59 	88 	85 	82 	105 	106 	115 	102 	141 	131 	154 	158 	152 	177 	: 
NR,EL53	4 	10 	6 	20 	10 	7 	9 	8 	11 	7 	10 	3 	2 	10 	8 	10 	13 	12 	9 	16 	11 	14 	13 	20 	19 	26 	25 	17 	25 	: 
NR,EL54	3 	10 	5 	8 	5 	10 	9 	8 	13 	10 	6 	7 	7 	1 	10 	6 	8 	9 	3 	9 	10 	15 	16 	17 	20 	22 	35 	33 	21 	: 
NR,EL6	66 	74 	64 	92 	88 	72 	63 	67 	71 	84 	86 	67 	75 	97 	105 	106 	101 	141 	131 	153 	136 	171 	177 	187 	213 	170 	203 	189 	202 	: 
NR,EL61	10 	12 	15 	20 	22 	19 	10 	8 	21 	17 	16 	12 	12 	16 	19 	23 	26 	26 	30 	39 	37 	45 	55 	61 	60 	33 	48 	47 	36 	: 
NR,EL62	9 	7 	9 	6 	8 	3 	5 	4 	9 	5 	3 	5 	4 	7 	9 	5 	7 	10 	7 	7 	5 	9 	10 	7 	13 	9 	9 	13 	17 	: 
NR,EL63	16 	26 	17 	27 	29 	19 	24 	23 	16 	22 	26 	24 	25 	42 	37 	45 	38 	52 	49 	47 	53 	65 	65 	66 	86 	67 	75 	65 	81 	: 
NR,EL64	19 	14 	11 	25 	15 	17 	6 	5 	11 	12 	17 	12 	9 	13 	16 	14 	11 	33 	25 	29 	16 	25 	21 	28 	22 	34 	36 	29 	34 	: 
NR,EL65	12 	15 	12 	14 	14 	14 	18 	27 	14 	28 	24 	14 	25 	19 	24 	19 	19 	20 	20 	31 	25 	27 	26 	25 	32 	27 	35 	35 	34 	: 
NR,ES	949 	998 	1064 	1097 	1117 	1202 	1149 	1389 	1477 	1531 	1578 	1717 	1684 	1681 	1731 	1790 	1713 	1711 	1631 	1721 	1679 	1750 	1843 	1993 	1984 	2226 	2574 	2793 	2837 	3042 
NR,ES1	46 	63 	66 	84 	81 	63 	68 	94 	108 	94 	100 	124 	137 	115 	124 	113 	133 	125 	115 	113 	80 	137 	154 	188 	164 	214 	257 	256 	283 	285 
NR,ES11	29 	39 	41 	60 	54 	39 	41 	54 	55 	49 	61 	73 	72 	73 	67 	65 	79 	80 	70 	81 	47 	96 	103 	128 	103 	148 	173 	192 	183 	190 
NR,ES12	13 	14 	16 	16 	12 	14 	11 	28 	43 	25 	27 	32 	46 	30 	40 	30 	39 	29 	37 	23 	25 	29 	37 	41 	46 	45 	53 	37 	70 	64 
NR,ES13	4 	10 	9 	8 	15 	10 	16 	12 	10 	20 	12 	19 	19 	12 	17 	18 	15 	16 	8 	9 	8 	12 	14 	19 	15 	21 	31 	27 	30 	31 
NR,ES2	82 	89 	84 	96 	104 	95 	89 	102 	141 	109 	143 	130 	163 	143 	149 	158 	138 	141 	142 	142 	161 	173 	160 	184 	188 	184 	194 	238 	246 	259 
NR,ES21	44 	53 	40 	46 	51 	43 	44 	53 	58 	55 	64 	62 	88 	66 	57 	72 	62 	61 	60 	53 	81 	99 	84 	97 	87 	88 	98 	110 	115 	136 
NR,ES22	11 	10 	12 	14 	17 	17 	15 	12 	11 	12 	16 	16 	15 	18 	15 	28 	13 	15 	17 	21 	10 	27 	19 	26 	31 	38 	32 	37 	42 	39 
NR,ES23	7 	7 	7 	3 	5 	6 	9 	9 	15 	6 	18 	19 	11 	17 	21 	11 	13 	14 	13 	9 	14 	13 	11 	9 	15 	17 	14 	25 	22 	25 
NR,ES24	20 	19 	25 	33 	31 	29 	21 	28 	57 	36 	45 	33 	49 	42 	56 	47 	50 	51 	52 	59 	56 	34 	46 	52 	55 	41 	50 	66 	67 	59 
NR,ES3	124 	155 	151 	160 	165 	201 	188 	251 	199 	248 	219 	209 	206 	221 	250 	275 	267 	230 	227 	232 	191 	205 	232 	199 	236 	299 	323 	343 	315 	346 
NR,ES30	124 	155 	151 	160 	165 	201 	188 	251 	199 	248 	219 	209 	206 	221 	250 	275 	267 	230 	227 	232 	191 	205 	232 	199 	236 	299 	323 	343 	315 	346 
NR,ES4	107 	101 	120 	101 	114 	108 	119 	125 	163 	162 	137 	177 	169 	185 	175 	165 	159 	177 	157 	189 	177 	191 	224 	274 	227 	291 	306 	336 	308 	377 
NR,ES41	40 	34 	49 	40 	38 	44 	56 	51 	74 	59 	48 	63 	64 	76 	73 	67 	72 	89 	45 	72 	70 	90 	98 	102 	94 	113 	137 	130 	124 	163 
NR,ES42	49 	37 	46 	38 	45 	39 	45 	53 	53 	66 	53 	75 	72 	67 	60 	62 	52 	56 	68 	67 	61 	58 	72 	97 	82 	95 	99 	120 	115 	132 
NR,ES43	18 	30 	25 	23 	31 	25 	18 	21 	36 	37 	36 	39 	33 	42 	42 	36 	35 	32 	44 	50 	46 	43 	54 	75 	51 	83 	70 	86 	69 	82 
NR,ES5	268 	266 	298 	339 	304 	348 	313 	395 	400 	449 	471 	536 	447 	435 	441 	441 	426 	441 	422 	410 	453 	420 	456 	443 	499 	505 	586 	701 	685 	713 
NR,ES51	157 	154 	162 	170 	170 	196 	180 	235 	220 	228 	252 	282 	222 	231 	227 	249 	218 	232 	213 	222 	263 	216 	264 	226 	252 	271 	299 	367 	362 	403 
NR,ES52	80 	91 	105 	134 	105 	125 	104 	127 	140 	180 	174 	204 	193 	167 	174 	145 	170 	168 	156 	143 	152 	166 	171 	172 	212 	200 	245 	287 	270 	246 
NR,ES53	31 	21 	31 	35 	29 	27 	29 	33 	40 	41 	45 	50 	32 	37 	40 	47 	38 	41 	53 	45 	38 	38 	21 	45 	35 	34 	42 	47 	53 	64 
NR,ES6	284 	263 	297 	273 	305 	343 	332 	381 	402 	415 	451 	461 	483 	498 	502 	521 	496 	515 	468 	513 	525 	537 	513 	594 	585 	642 	788 	816 	877 	916 
NR,ES61	212 	216 	233 	216 	235 	280 	256 	289 	337 	348 	369 	384 	398 	404 	401 	423 	380 	398 	374 	400 	409 	444 	421 	480 	505 	535 	690 	676 	738 	797 
NR,ES62	60 	35 	44 	46 	44 	48 	57 	80 	57 	57 	67 	66 	72 	75 	86 	90 	98 	96 	82 	97 	96 	75 	80 	99 	62 	91 	79 	127 	126 	95 
NR,ES63	4 	3 	8 	2 	9 	6 	12 	6 	6 	10 	7 	5 	10 	13 	9 	6 	6 	11 	3 	10 	11 	8 	5 	9 	9 	9 	13 	7 	9 	13 
NR,ES64	8 	9 	12 	9 	17 	9 	7 	6 	2 	0 	8 	6 	3 	6 	6 	2 	12 	10 	9 	6 	9 	10 	7 	6 	9 	7 	6 	6 	4 	11 
NR,ES7	38 	61 	48 	44 	44 	44 	40 	41 	64 	54 	57 	80 	79 	84 	90 	117 	94 	82 	100 	122 	92 	87 	104 	111 	85 	91 	120 	103 	123 	146 
NR,ES70	38 	61 	48 	44 	44 	44 	40 	41 	64 	54 	57 	80 	79 	84 	90 	117 	94 	82 	100 	122 	92 	87 	104 	111 	85 	91 	120 	103 	123 	146 
NR,EU27_2007	: 	17283 	18010 	18450 	18237 e	18560 	18840 	19707 	20354 	21476 	22569 	23015 	23441 	24070 	24764 	25935 	26443 	27111 	28812 	30316 	30951 	32951 b	34622 	36899 	38455 	43411 	46813 	51626 	55856 	59956 
NR,EU27_2020	14099 	14623 	15211 	15635 	15386 	15769 	15972 	16623 	17160 	18252 	19241 	19547 	20016 	20623 	21335 	22593 	23014 	23899 	25468 	26854 	27258 	29264 b	30833 	32873 	34380 	39261 	42468 	47031 	50606 	54275 
NR,EU28	: 	17440 	18158 	18611 	18391 e	18759 	19002 	19857 	20546 	21668 	22804 	23210 	23675 	24285 	25006 	26180 	26694 	27393 	29127 	30640 	31301 	33339 b	35079 	37332 	38904 	43906 	47293 	52172 	56431 	60547 
NR,FI	96 	101 	102 	100 	97 	124 	102 	141 	143 	140 	158 	157 	161 	167 	174 	191 	176 	168 	181 	213 	208 	239 	232 	242 	248 	308 	287 	344 	382 	370 
NR,FI1	95 	101 	102 	99 	97 	124 	102 	141 	143 	139 	158 	156 	161 	167 	174 	190 	174 	167 	180 	212 	207 	239 	230 	241 	245 	308 	286 	344 	380 	370 
NR,FI19	22 	29 	33 	28 	32 	29 	32 	40 	37 	33 	41 	47 	45 	56 	55 	57 	50 	43 	41 	50 	53 	55 	75 	70 	48 	78 	83 	81 	91 	103 
NR,FI1B	32 	29 	33 	32 	25 	35 	32 	38 	47 	40 	41 	42 	40 	45 	42 	52 	45 	57 	48 	78 	66 	74 	53 	54 	67 	73 	88 	88 	115 	102 
NR,FI1C	16 	16 	17 	20 	23 	29 	14 	31 	20 	34 	34 	31 	31 	36 	40 	40 	34 	35 	41 	39 	42 	43 	42 	44 	53 	59 	48 	76 	74 	79 
NR,FI1D	25 	27 	19 	19 	17 	31 	24 	32 	39 	32 	42 	36 	45 	30 	37 	41 	45 	32 	50 	45 	46 	67 	60 	73 	77 	98 	67 	99 	100 	86 
NR,FI2	1 	0 	0 	1 	0 	0 	0 	0 	0 	1 	0 	1 	0 	0 	0 	1 	2 	1 	1 	1 	1 	0 	2 	1 	3 	0 	1 	0 	2 	0 
NR,FI20	1 	0 	0 	1 	0 	0 	0 	0 	0 	1 	0 	1 	0 	0 	0 	1 	2 	1 	1 	1 	1 	0 	2 	1 	3 	0 	1 	0 	2 	0 
NR,FR	2864 	2906 	2971 	2921 	2944 	2880 	2936 	2917 	2816 	2978 	3144 	3116 	3043 	3163 	3023 	3178 	3274 	3308 	3674 	3612 	3412 	3640 	3384 	3449 	3501 	4144 	4540 	5026 	5444 	5529 
NR,FR1	699 	708 	717 	712 	698 	632 	720 	636 	685 	696 	654 	723 	688 	721 	699 	731 	740 	714 	827 	810 	782 	812 	841 	791 	766 	973 	1082 	1182 	1286 	1227 
NR,FR10	699 	708 	717 	712 	698 	632 	720 	636 	685 	696 	654 	723 	688 	721 	699 	731 	740 	714 	827 	810 	782 	812 	841 	791 	766 	973 	1082 	1182 	1286 	1227 
NR,FRB	111 	90 	84 	100 	99 	101 	109 	: 	: 	: 	: 	: 	: 	: 	: 	: 	: 	: 	: 	: 	: 	: 	: 	: 	: 	: 	: 	: 	: 	: 
NR,FRB0	111 	90 	84 	100 	99 	101 	109 	: 	: 	: 	: 	: 	: 	: 	: 	: 	: 	: 	: 	: 	: 	: 	: 	: 	: 	: 	: 	: 	: 	: 
NR,FRC	99 	113 	111 	107 	115 	108 	125 	: 	: 	: 	: 	: 	: 	: 	: 	: 	: 	: 	: 	: 	: 	: 	: 	: 	: 	: 	: 	: 	: 	: 
NR,FRC1	43 	52 	60 	49 	58 	63 	58 	: 	: 	: 	: 	: 	: 	: 	: 	: 	: 	: 	: 	: 	: 	: 	: 	: 	: 	: 	: 	: 	: 	: 
NR,FRC2	56 	61 	51 	58 	57 	45 	67 	: 	: 	: 	: 	: 	: 	: 	: 	: 	: 	: 	: 	: 	: 	: 	: 	: 	: 	: 	: 	: 	: 	: 
NR,FRD	122 	114 	120 	126 	121 	127 	112 	: 	: 	: 	: 	: 	: 	: 	: 	: 	: 	: 	: 	: 	: 	: 	: 	: 	: 	: 	: 	: 	: 	: 
NR,FRD1	40 	47 	34 	39 	33 	47 	36 	: 	: 	: 	: 	: 	: 	: 	: 	: 	: 	: 	: 	: 	: 	: 	: 	: 	: 	: 	: 	: 	: 	: 
NR,FRD2	82 	67 	86 	87 	88 	80 	76 	: 	: 	: 	: 	: 	: 	: 	: 	: 	: 	: 	: 	: 	: 	: 	: 	: 	: 	: 	: 	: 	: 	: 
NR,FRE	230 	281 	262 	239 	252 	264 	286 	: 	: 	: 	: 	: 	: 	: 	: 	: 	: 	: 	: 	: 	: 	: 	: 	: 	: 	: 	: 	: 	: 	: 
NR,FRE1	167 	182 	172 	174 	160 	177 	198 	: 	: 	: 	: 	: 	: 	: 	: 	: 	: 	: 	: 	: 	: 	: 	: 	: 	: 	: 	: 	: 	: 	: 
NR,FRE2	63 	99 	90 	65 	92 	87 	88 	: 	: 	: 	: 	: 	: 	: 	: 	: 	: 	: 	: 	: 	: 	: 	: 	: 	: 	: 	: 	: 	: 	: 
NR,FRF	194 	196 	205 	211 	224 	197 	231 	: 	: 	: 	: 	: 	: 	: 	: 	: 	: 	: 	: 	: 	: 	: 	: 	: 	: 	: 	: 	: 	: 	: 
NR,FRF1	52 	88 	86 	77 	81 	82 	86 	: 	: 	: 	: 	: 	: 	: 	: 	: 	: 	: 	: 	: 	: 	: 	: 	: 	: 	: 	: 	: 	: 	: 
NR,FRF2	61 	47 	38 	50 	51 	46 	56 	: 	: 	: 	: 	: 	: 	: 	: 	: 	: 	: 	: 	: 	: 	: 	: 	: 	: 	: 	: 	: 	: 	: 
NR,FRF3	81 	61 	81 	84 	92 	69 	89 	: 	: 	: 	: 	: 	: 	: 	: 	: 	: 	: 	: 	: 	: 	: 	: 	: 	: 	: 	: 	: 	: 	: 
NR,FRG	119 	133 	101 	113 	116 	122 	112 	: 	: 	: 	: 	: 	: 	: 	: 	: 	: 	: 	: 	: 	: 	: 	: 	: 	: 	: 	: 	: 	: 	: 
NR,FRG0	119 	133 	101 	113 	116 	122 	112 	: 	: 	: 	: 	: 	: 	: 	: 	: 	: 	: 	: 	: 	: 	: 	: 	: 	: 	: 	: 	: 	: 	: 
NR,FRH	100 	105 	121 	108 	123 	110 	125 	: 	: 	: 	: 	: 	: 	: 	: 	: 	: 	: 	: 	: 	: 	: 	: 	: 	: 	: 	: 	: 	: 	: 
NR,FRH0	100 	105 	121 	108 	123 	110 	125 	: 	: 	: 	: 	: 	: 	: 	: 	: 	: 	: 	: 	: 	: 	: 	: 	: 	: 	: 	: 	: 	: 	: 
NR,FRI	186 	179 	194 	182 	180 	198 	177 	: 	: 	: 	: 	: 	: 	: 	: 	: 	: 	: 	: 	: 	: 	: 	: 	: 	: 	: 	: 	: 	: 	: 
NR,FRI1	113 	105 	116 	99 	103 	119 	104 	: 	: 	: 	: 	: 	: 	: 	: 	: 	: 	: 	: 	: 	: 	: 	: 	: 	: 	: 	: 	: 	: 	: 
NR,FRI2	27 	23 	23 	30 	29 	28 	21 	: 	: 	: 	: 	: 	: 	: 	: 	: 	: 	: 	: 	: 	: 	: 	: 	: 	: 	: 	: 	: 	: 	: 
NR,FRI3	46 	51 	55 	53 	48 	51 	52 	: 	: 	: 	: 	: 	: 	: 	: 	: 	: 	: 	: 	: 	: 	: 	: 	: 	: 	: 	: 	: 	: 	: 
NR,FRJ	183 	166 	185 	182 	169 	189 	191 	: 	: 	: 	: 	: 	: 	: 	: 	: 	: 	: 	: 	: 	: 	: 	: 	: 	: 	: 	: 	: 	: 	: 
NR,FRJ1	97 	84 	85 	85 	76 	100 	114 	: 	: 	: 	: 	: 	: 	: 	: 	: 	: 	: 	: 	: 	: 	: 	: 	: 	: 	: 	: 	: 	: 	: 
NR,FRJ2	86 	82 	100 	97 	93 	89 	77 	: 	: 	: 	: 	: 	: 	: 	: 	: 	: 	: 	: 	: 	: 	: 	: 	: 	: 	: 	: 	: 	: 	: 
NR,FRK	296 	296 	306 	260 	311 	318 	307 	: 	: 	: 	: 	: 	: 	: 	: 	: 	: 	: 	: 	: 	: 	: 	: 	: 	: 	: 	: 	: 	: 	: 
NR,FRK1	40 	39 	46 	38 	47 	46 	47 	: 	: 	: 	: 	: 	: 	: 	: 	: 	: 	: 	: 	: 	: 	: 	: 	: 	: 	: 	: 	: 	: 	: 
NR,FRK2	256 	257 	260 	222 	264 	272 	260 	: 	: 	: 	: 	: 	: 	: 	: 	: 	: 	: 	: 	: 	: 	: 	: 	: 	: 	: 	: 	: 	: 	: 
NR,FRL	172 	194 	186 	192 	198 	194 	181 	: 	: 	: 	: 	: 	: 	: 	: 	: 	: 	: 	: 	: 	: 	: 	: 	: 	: 	: 	: 	: 	: 	: 
NR,FRL0	172 	194 	186 	192 	198 	194 	181 	: 	: 	: 	: 	: 	: 	: 	: 	: 	: 	: 	: 	: 	: 	: 	: 	: 	: 	: 	: 	: 	: 	: 
NR,FRM	11 	5 	17 	10 	11 	11 	10 	: 	: 	: 	: 	: 	: 	: 	: 	: 	: 	: 	: 	: 	: 	: 	: 	: 	: 	: 	: 	: 	: 	: 
NR,FRM0	11 	5 	17 	10 	11 	11 	10 	: 	: 	: 	: 	: 	: 	: 	: 	: 	: 	: 	: 	: 	: 	: 	: 	: 	: 	: 	: 	: 	: 	: 
NR,FRX	19 	20 	: 	: 	: 	: 	: 	: 	: 	: 	: 	: 	: 	: 	: 	: 	: 	: 	: 	: 	: 	: 	: 	: 	: 	: 	: 	: 	: 	: 
NR,FRXX	19 	20 	: 	29 	: 	: 	: 	: 	: 	: 	: 	: 	: 	: 	: 	: 	: 	: 	: 	: 	: 	: 	: 	: 	: 	: 	: 	: 	: 	: 
NR,FRY	323 	306 	337 	350 	291 	288 	226 	: 	: 	: 	: 	: 	: 	: 	: 	: 	: 	: 	: 	: 	: 	: 	: 	: 	: 	: 	: 	: 	: 	: 
NR,FRY1	40 	33 	40 	41 	43 	46 	51 	: 	: 	: 	: 	: 	: 	: 	: 	: 	: 	: 	: 	: 	: 	: 	: 	: 	: 	: 	: 	: 	: 	: 
NR,FRY2	25 	34 	40 	39 	24 	25 	28 	: 	: 	: 	: 	: 	: 	: 	: 	: 	: 	: 	: 	: 	: 	: 	: 	: 	: 	: 	: 	: 	: 	: 
NR,FRY3	79 	63 	84 	76 	60 	53 	52 	: 	: 	: 	: 	: 	: 	: 	: 	: 	: 	: 	: 	: 	: 	: 	: 	: 	: 	: 	: 	: 	: 	: 
NR,FRY4	96 	82 	87 	98 	93 	94 	95 	: 	: 	: 	: 	: 	: 	: 	: 	: 	: 	: 	: 	: 	: 	: 	: 	: 	: 	: 	: 	: 	: 	: 
NR,FRY5	83 	94 	86 	96 	71 	70 	: 	: 	: 	: 	: 	: 	: 	: 	: 	: 	: 	: 	: 	: 	: 	: 	: 	: 	: 	: 	: 	: 	: 	: 
NR,HR	143 	157 	148 	161 	154 	199 	162 	150 	192 	192 	235 	195 	234 	215 	242 	245 	251 	282 	315 	324 	350 	388 	: 	: 	: 	: 	: 	: 	: 	: 
NR,HR0	143 	157 	148 	161 	154 	199 	162 	150 	192 	192 	235 	195 	234 	215 	242 	245 	251 	282 	315 	324 	350 	388 	: 	: 	: 	: 	: 	: 	: 	: 
NR,HR03	45 	53 	54 	51 	50 	59 	48 	51 	59 	64 	59 	64 	83 	71 	75 	70 	63 	97 	100 	99 	93 	95 	: 	: 	: 	: 	: 	: 	: 	: 
NR,HR04	98 	104 	94 	110 	104 	140 	114 	99 	133 	128 	176 	131 	151 	144 	167 	175 	188 	185 	215 	225 	257 	293 	: 	: 	: 	: 	: 	: 	: 	: 
NR,HU	332 	304 	328 	368 	383 	418 	448 	438 	433 	481 	495 	553 	577 	571 	607 	628 	690 	693 	789 	900 	798 	944 	989 	1148 	1195 	1335 	1458 	1715 	1989 	1863 
NR,HU1	75 	71 	73 	89 	94 	108 	99 	89 	100 	125 	105 	151 	144 	151 	126 	145 	163 	165 	220 	241 	201 	246 	229 	292 	267 	345 	363 	410 	483 	438 
NR,HU11	36 	40 	34 	51 	54 	60 	57 	: 	: 	: 	: 	: 	: 	: 	: 	: 	: 	: 	: 	: 	: 	: 	: 	: 	: 	: 	: 	: 	: 	: 
NR,HU12	39 	31 	39 	38 	40 	48 	42 	: 	: 	: 	: 	: 	: 	: 	: 	: 	: 	: 	: 	: 	: 	: 	: 	: 	: 	: 	: 	: 	: 	: 
NR,HU2	78 	87 	83 	98 	113 	130 	137 	159 	110 	134 	134 	135 	170 	150 	159 	173 	202 	196 	215 	261 	242 	265 	293 	324 	341 	343 	398 	503 	584 	536 
NR,HU21	26 	23 	21 	31 	50 	42 	49 	58 	44 	43 	45 	56 	66 	57 	64 	63 	76 	65 	64 	86 	88 	112 	102 	120 	132 	137 	129 	188 	238 	205 
NR,HU22	25 	32 	37 	28 	27 	44 	34 	53 	32 	44 	47 	40 	48 	45 	54 	48 	56 	73 	64 	85 	78 	76 	79 	81 	97 	101 	121 	141 	146 	147 
NR,HU23	27 	32 	25 	39 	36 	44 	54 	48 	34 	47 	42 	39 	56 	48 	41 	62 	70 	58 	87 	90 	76 	77 	112 	123 	112 	105 	148 	174 	200 	184 
NR,HU3	179 	146 	171 	180 	175 	180 	212 	187 	218 	213 	249 	260 	259 	263 	312 	302 	318 	329 	347 	389 	349 	417 	462 	523 	578 	636 	688 	793 	915 	871 
NR,HU31	61 	66 	55 	55 	52 	61 	100 	78 	83 	61 	95 	107 	115 	115 	93 	118 	111 	126 	123 	111 	119 	134 	158 	153 	164 	195 	215 	247 	291 	252 
NR,HU32	78 	46 	62 	76 	75 	67 	69 	65 	70 	98 	84 	71 	82 	85 	107 	97 	104 	119 	130 	167 	135 	173 	190 	215 	242 	252 	259 	293 	342 	358 
NR,HU33	40 	34 	54 	49 	48 	52 	43 	44 	65 	54 	70 	82 	62 	63 	112 	87 	103 	84 	94 	111 	95 	110 	114 	155 	172 	189 	214 	253 	282 	261 
NR,HUX	0 	0 	: 	: 	: 	: 	: 	: 	: 	: 	: 	: 	: 	: 	: 	: 	: 	: 	: 	: 	: 	: 	: 	: 	: 	: 	: 	: 	: 	: 
NR,HUXX	0 	0 	: 	1 	: 	: 	: 	: 	: 	: 	: 	: 	: 	: 	: 	: 	: 	: 	: 	: 	: 	: 	: 	: 	: 	: 	: 	: 	: 	: 
NR,IE	165 	174 	188 	194 	225 	224 	245 	227 	262 	279 	247 	290 	230 	238 	244 	300 	311 	306 	331 	338 	317 	316 	321 	303 	311 	277 	302 	331 	401 	434 
NR,IE0	165 	174 	188 	194 	225 	224 	245 	227 	262 	279 	247 	290 	230 	238 	244 	300 	311 	306 	331 	338 	317 	316 	321 	303 	311 	277 	302 	331 	401 	434 
NR,IE04	24 	25 	31 	37 	51 	44 	40 	: 	: 	: 	: 	: 	: 	: 	: 	: 	: 	: 	: 	: 	: 	: 	: 	: 	: 	: 	: 	: 	: 	: 
NR,IE05	48 	60 	57 	60 	71 	84 	92 	: 	: 	: 	: 	: 	: 	: 	: 	: 	: 	: 	: 	: 	: 	: 	: 	: 	: 	: 	: 	: 	: 	: 
NR,IE06	93 	89 	100 	97 	103 	96 	113 	: 	: 	: 	: 	: 	: 	: 	: 	: 	: 	: 	: 	: 	: 	: 	: 	: 	: 	: 	: 	: 	: 	: 
NR,IS	5 	7 	11 	3 	9 	9 	8 	5 	4 	11 	9 	12 	9 	6 	10 	12 	10 	9 	11 	13 	10 	11 	23 	16 	26 	15 	22 	22 	25 	28 
NR,IS0	5 	7 	11 	3 	9 	9 	8 	5 	4 	11 	9 	12 	9 	6 	10 	12 	10 	9 	11 	13 	10 	11 	23 	16 	26 	15 	22 	22 	25 	28 
NR,IS00	5 	7 	11 	3 	9 	9 	8 	5 	4 	11 	9 	12 	9 	6 	10 	12 	10 	9 	11 	13 	10 	11 	23 	16 	26 	15 	22 	22 	25 	28 
NR,IT	1008 	1228 	1251 	1339 	1398 	1429 	1493 	1532 	1595 	1680 	1842 	1800 	1744 	1807 	1843 	1930 	2053 	2212 	2373 	2319 	2627 	2742 	2928 	3155 	3182 	3436 	3840 	4434 	4512 	4600 
NR,ITC	238 	288 	308 	327 	337 	359 	320 	349 	372 	356 	411 	389 	409 	392 	406 	368 	471 	457 	513 	470 	508 	521 	560 	600 	599 	608 	665 	804 	805 	829 
NR,ITC1	63 	60 	76 	78 	85 	63 	83 	83 	91 	95 	97 	113 	105 	129 	102 	90 	126 	124 	125 	122 	166 	167 	175 	198 	188 	172 	204 	241 	224 	217 
NR,ITC2	2 	2 	1 	5 	5 	3 	3 	2 	1 	4 	2 	8 	4 	1 	4 	3 	7 	7 	4 	5 	3 	5 	6 	5 	5 	5 	3 	7 	4 	6 
NR,ITC3	21 	22 	19 	26 	26 	38 	23 	33 	37 	33 	31 	34 	42 	37 	29 	31 	38 	39 	51 	51 	38 	58 	61 	55 	57 	61 	70 	81 	71 	81 
NR,ITC4	152 	204 	212 	218 	221 	255 	211 	231 	243 	224 	281 	234 	258 	225 	271 	244 	300 	287 	333 	292 	301 	291 	318 	342 	349 	370 	388 	475 	506 	525 
NR,ITF	275 	357 	365 	352 	362 	365 	426 	441 	432 	487 	514 	527 	518 	541 	566 	658 	624 	706 	813 	773 	879 	951 	977 	1096 	1147 	1330 	1483 	1635 	1769 	1760 
NR,ITF1	26 	25 	26 	23 	34 	19 	32 	40 	35 	52 	43 	57 	47 	42 	31 	46 	37 	43 	54 	43 	56 	71 	59 	85 	74 	99 	91 	127 	105 	103 
NR,ITF2	2 	3 	2 	3 	6 	8 	10 	5 	4 	13 	9 	10 	6 	5 	3 	9 	7 	6 	15 	16 	11 	12 	14 	17 	18 	21 	19 	30 	34 	25 
NR,ITF3	114 	170 	173 	160 	152 	149 	195 	215 	190 	224 	225 	229 	240 	240 	252 	286 	269 	296 	362 	330 	389 	413 	463 	508 	519 	642 	707 	759 	852 	822 
NR,ITF4	62 	87 	89 	89 	96 	103 	95 	101 	105 	120 	147 	132 	140 	141 	166 	194 	191 	228 	242 	244 	268 	273 	271 	305 	329 	340 	396 	456 	448 	498 
NR,ITF5	10 	14 	12 	18 	17 	12 	17 	11 	18 	16 	19 	25 	1 	16 	20 	24 	20 	39 	27 	23 	47 	32 	42 	30 	43 	43 	56 	58 	72 	80 
NR,ITF6	61 	58 	63 	59 	57 	74 	77 	69 	80 	62 	71 	74 	84 	97 	94 	99 	100 	94 	113 	117 	108 	150 	128 	151 	164 	185 	214 	205 	258 	232 
NR,ITG	151 	173 	190 	188 	201 	214 	220 	206 	215 	261 	271 	247 	238 	228 	263 	266 	318 	391 	382 	377 	448 	462 	518 	581 	549 	579 	661 	781 	796 	839 
NR,ITG1	134 	151 	167 	161 	174 	187 	179 	179 	179 	212 	228 	209 	198 	187 	235 	223 	279 	345 	329 	321 	386 	399 	434 	502 	478 	505 	554 	668 	671 	690 
NR,ITG2	17 	22 	23 	27 	27 	27 	41 	27 	36 	49 	43 	38 	40 	41 	28 	43 	39 	46 	53 	56 	62 	63 	84 	79 	71 	74 	107 	113 	125 	149 
NR,ITH	201 	200 	195 	223 	231 	253 	267 	273 	304 	279 	307 	308 	281 	302 	299 	302 	300 	331 	286 	: 	: 	: 	: 	: 	: 	: 	: 	: 	: 	: 
NR,ITH1	9 	18 	15 	17 	13 	17 	12 	13 	7 	18 	16 	16 	23 	23 	19 	19 	19 	21 	14 	14 	28 	23 	31 	29 	24 	25 	25 	26 	30 	37 
NR,ITH2	7 	16 	7 	17 	11 	11 	14 	21 	15 	11 	11 	10 	7 	15 	12 	19 	19 	19 	10 	18 	20 	15 	13 	16 	23 	22 	17 	29 	19 	24 
NR,ITH3	80 	75 	78 	94 	96 	93 	102 	115 	135 	116 	132 	131 	132 	121 	112 	116 	124 	145 	102 	131 	160 	146 	155 	184 	162 	183 	213 	223 	200 	221 
NR,ITH4	16 	15 	15 	17 	23 	19 	30 	20 	35 	27 	27 	19 	13 	24 	35 	16 	25 	22 	35 	23 	16 	18 	30 	35 	32 	27 	32 	47 	43 	33 
NR,ITH5	89 	76 	80 	78 	88 	113 	109 	104 	112 	107 	121 	132 	106 	119 	121 	132 	113 	124 	125 	: 	: 	: 	: 	: 	: 	: 	: 	: 	: 	: 
NR,ITI	143 	210 	193 	249 	267 	238 	260 	263 	272 	297 	339 	329 	298 	344 	309 	336 	340 	327 	379 	: 	: 	: 	: 	: 	: 	: 	: 	: 	: 	: 
NR,ITI1	29 	58 	51 	68 	69 	60 	54 	66 	74 	86 	74 	77 	65 	80 	65 	99 	71 	60 	93 	98 	107 	119 	127 	145 	167 	142 	159 	181 	168 	163 
NR,ITI2	7 	19 	9 	15 	28 	16 	17 	20 	11 	19 	20 	24 	22 	22 	18 	25 	31 	15 	20 	29 	35 	29 	32 	31 	34 	30 	38 	43 	54 	51 
NR,ITI3	19 	19 	26 	22 	31 	24 	30 	19 	26 	31 	56 	37 	38 	45 	39 	29 	40 	51 	52 	: 	: 	: 	: 	: 	: 	: 	: 	: 	: 	: 
NR,ITI4	88 	114 	107 	144 	139 	138 	159 	158 	161 	161 	189 	191 	173 	197 	187 	183 	198 	201 	214 	226 	235 	256 	270 	237 	251 	266 	327 	414 	385 	356 
NR,LI	0 	0 	0 	1 	2 	1 	2 	3 	1 	1 	1 	0 	0 	2 	1 	1 	1 	1 	0 	4 	4 	3 	8 	3 	0 	2 	: 	: 	: 	: 
NR,LI0	0 	0 	0 	1 	2 	1 	2 	3 	1 	1 	1 	0 	0 	2 	1 	1 	1 	1 	0 	4 	4 	3 	8 	3 	0 	2 	: 	: 	: 	: 
NR,LI00	0 	0 	0 	1 	2 	1 	2 	3 	1 	1 	1 	0 	0 	2 	1 	1 	1 	1 	0 	4 	4 	3 	8 	3 	0 	2 	: 	: 	: 	: 
NR,LT	90 	96 	85 	139 	132 	118 	110 	118 	144 	153 	181 	172 	190 	213 	209 	240 	206 	238 	250 	294 	315 	343 	391 	395 	514 	603 	746 	887 	806 	581 
NR,LT0	90 	96 	85 	139 	132 	118 	110 	118 	144 	153 	181 	172 	190 	213 	209 	240 	206 	238 	250 	294 	315 	343 	391 	395 	514 	603 	746 	887 	806 	581 
NR,LT01	32 	32 	31 	38 	38 	23 	33 	: 	: 	: 	: 	: 	: 	: 	: 	: 	: 	: 	: 	: 	: 	: 	: 	: 	: 	: 	: 	: 	: 	: 
NR,LT02	58 	64 	54 	101 	94 	95 	77 	: 	: 	: 	: 	: 	: 	: 	: 	: 	: 	: 	: 	: 	: 	: 	: 	: 	: 	: 	: 	: 	: 	: 
NR,LU	29 	27 	20 	23 	17 	17 	24 	15 	24 	20 	14 	10 	10 	14 	14 	21 	26 	27 	32 	29 	26 	27 	23 	28 	30 	29 	32 	44 	46 	36 
NR,LU0	29 	27 	20 	23 	17 	17 	24 	15 	24 	20 	14 	10 	10 	14 	14 	21 	26 	27 	32 	29 	26 	27 	23 	28 	30 	29 	32 	44 	46 	36 
NR,LU00	29 	27 	20 	23 	17 	17 	24 	15 	24 	20 	14 	10 	10 	14 	14 	21 	26 	27 	32 	29 	26 	27 	23 	28 	30 	29 	32 	44 	46 	36 
NR,LV	63 	61 	86 	81 	90 	83 	91 	125 	124 	110 	168 	161 	203 	170 	168 	192 	198 	197 	: 	: 	: 	: 	: 	: 	: 	: 	: 	: 	: 	: 
NR,LV0	63 	61 	86 	81 	90 	83 	91 	125 	124 	110 	168 	161 	203 	170 	168 	192 	198 	197 	: 	: 	: 	: 	: 	: 	: 	: 	: 	: 	: 	: 
NR,LV00	63 	61 	86 	81 	90 	83 	91 	125 	124 	110 	168 	161 	203 	170 	168 	192 	198 	197 	: 	: 	: 	: 	: 	: 	: 	: 	: 	: 	: 	: 
NR,ME	17 	12 	10 	26 	16 	37 	33 	33 	32 	50 	49 	62 	58 	83 	62 	: 	: 	: 	: 	: 	: 	: 	: 	: 	: 	: 	: 	: 	: 	: 
NR,ME0	17 	12 	10 	26 	16 	37 	33 	33 	32 	50 	49 	62 	58 	83 	62 	: 	: 	: 	: 	: 	: 	: 	: 	: 	: 	: 	: 	: 	: 	: 
NR,ME00	17 	12 	10 	26 	16 	37 	33 	33 	32 	50 	49 	62 	58 	83 	62 	: 	: 	: 	: 	: 	: 	: 	: 	: 	: 	: 	: 	: 	: 	: 
NR,MK	112 	122 	201 	273 	198 	233 	237 	230 	172 	185 	278 	223 	234 	260 	287 	308 	305 	283 	321 	346 	406 	476 	463 	515 	729 	752 	781 	1018 	984 	1120 
NR,MK0	112 	122 	201 	273 	198 	233 	237 	230 	172 	185 	278 	223 	234 	260 	287 	308 	305 	283 	321 	346 	406 	476 	463 	515 	729 	752 	781 	1018 	984 	1120 
NR,MK00	112 	122 	201 	273 	198 	233 	237 	230 	172 	185 	278 	223 	234 	260 	287 	308 	305 	283 	321 	346 	406 	476 	463 	515 	729 	752 	781 	1018 	984 	1120 
NR,MKX	0 	0 	: 	: 	: 	: 	: 	: 	: 	: 	: 	: 	: 	: 	: 	: 	: 	: 	: 	: 	: 	: 	: 	: 	: 	: 	: 	: 	: 	: 
NR,MKXX	0 	0 	: 	0 	: 	: 	: 	: 	: 	: 	: 	: 	: 	: 	: 	: 	: 	: 	: 	: 	: 	: 	: 	: 	: 	: 	: 	: 	: 	: 
NR,MT	29 	25 	29 	33 	25 	21 	27 	22 	27 	22 	22 	34 	25 	14 	21 	22 	23 	21 	15 	23 	33 	34 	33 	55 	41 	44 	42 	59 	51 	49 
NR,MT0	29 	25 	29 	33 	25 	21 	27 	22 	27 	22 	22 	34 	25 	14 	21 	22 	23 	21 	15 	23 	33 	34 	33 	55 	41 	44 	42 	59 	51 	49 
NR,MT00	29 	25 	29 	33 	25 	21 	27 	22 	27 	22 	22 	34 	25 	14 	21 	22 	23 	21 	15 	23 	33 	34 	33 	55 	41 	44 	42 	59 	51 	49 
NR,NL	617 	582 	607 	597 	561 	630 	645 	649 	654 	695 	711 	698 	736 	820 	928 	852 	962 	1014 	1088 	1059 	1048 	1035 	969 	1086 	1041 	1104 	1227 	1235 	1291 	1397 
NR,NL1	57 	59 	54 	64 	72 	69 	88 	83 	75 	78 	75 	60 	75 	80 	94 	84 	110 	119 	117 	: 	: 	: 	: 	: 	: 	: 	: 	: 	: 	: 
NR,NL11	21 	22 	21 	20 	32 	29 	37 	37 	23 	27 	22 	16 	31 	32 	33 	16 	30 	35 	42 	: 	: 	: 	: 	: 	: 	: 	: 	: 	: 	: 
NR,NL12	21 	24 	14 	29 	31 	27 	38 	32 	34 	31 	32 	33 	29 	35 	37 	41 	51 	49 	44 	: 	: 	: 	: 	: 	: 	: 	: 	: 	: 	: 
NR,NL13	15 	13 	19 	15 	9 	13 	13 	14 	18 	20 	21 	11 	15 	13 	24 	27 	29 	35 	31 	: 	: 	: 	: 	: 	: 	: 	: 	: 	: 	: 
NR,NL2	126 	134 	145 	134 	122 	124 	134 	149 	156 	177 	162 	174 	178 	199 	230 	207 	221 	232 	247 	: 	: 	: 	: 	: 	: 	: 	: 	: 	: 	: 
NR,NL21	32 	39 	43 	38 	42 	43 	48 	39 	54 	67 	55 	51 	63 	84 	70 	69 	64 	75 	77 	: 	: 	: 	: 	: 	: 	: 	: 	: 	: 	: 
NR,NL22	76 	73 	90 	76 	65 	69 	61 	86 	75 	88 	85 	103 	90 	96 	118 	113 	133 	128 	137 	: 	: 	: 	: 	: 	: 	: 	: 	: 	: 	: 
NR,NL23	18 	22 	12 	20 	15 	12 	25 	24 	27 	22 	22 	20 	25 	19 	42 	25 	24 	29 	33 	: 	: 	: 	: 	: 	: 	: 	: 	: 	: 	: 
NR,NL3	302 	293 	303 	293 	270 	328 	310 	311 	293 	309 	347 	323 	359 	371 	444 	415 	433 	473 	500 	: 	: 	: 	: 	: 	: 	: 	: 	: 	: 	: 
NR,NL31	45 	48 	62 	61 	43 	67 	46 	50 	45 	51 	48 	52 	59 	72 	80 	88 	102 	78 	82 	: 	: 	: 	: 	: 	: 	: 	: 	: 	: 	: 
NR,NL32	99 	98 	119 	110 	97 	129 	112 	111 	119 	100 	142 	109 	121 	124 	149 	124 	117 	159 	196 	: 	: 	: 	: 	: 	: 	: 	: 	: 	: 	: 
NR,NL33	146 	136 	112 	108 	123 	125 	140 	139 	119 	146 	149 	153 	170 	167 	199 	182 	196 	219 	199 	: 	: 	: 	: 	: 	: 	: 	: 	: 	: 	: 
NR,NL34	12 	11 	10 	14 	7 	7 	12 	11 	10 	12 	8 	9 	9 	8 	16 	21 	18 	17 	23 	: 	: 	: 	: 	: 	: 	: 	: 	: 	: 	: 
NR,NL4	132 	96 	105 	106 	97 	109 	113 	106 	130 	131 	127 	141 	124 	170 	160 	146 	198 	190 	224 	: 	: 	: 	: 	: 	: 	: 	: 	: 	: 	: 
NR,NL41	93 	74 	71 	74 	69 	81 	80 	67 	87 	89 	87 	106 	92 	116 	112 	104 	144 	120 	156 	: 	: 	: 	: 	: 	: 	: 	: 	: 	: 	: 
NR,NL42	39 	22 	34 	32 	28 	28 	33 	39 	43 	42 	40 	35 	32 	54 	48 	42 	54 	70 	68 	: 	: 	: 	: 	: 	: 	: 	: 	: 	: 	: 
NR,NO	114 	129 	130 	128 	133 	139 	140 	150 	138 	171 	192 	163 	180 	185 	175 	185 	190 	192 	223 	225 	232 	232 	247 	246 	244 	312 	301 	346 	377 	419 
NR,NO0	114 	129 	130 	128 	133 	139 	140 	150 	138 	171 	192 	163 	180 	185 	175 	185 	190 	192 	223 	225 	232 	232 	247 	246 	244 	312 	301 	346 	377 	419 
NR,NO01	24 	25 	30 	30 	41 	39 	37 	34 	31 	41 	47 	48 	38 	51 	39 	52 	58 	47 	49 	42 	52 	39 	39 	61 	49 	76 	66 	64 	74 	101 
NR,NO02	7 	4 	5 	10 	7 	8 	5 	15 	6 	10 	15 	10 	9 	9 	7 	11 	14 	25 	21 	21 	12 	14 	20 	18 	25 	26 	19 	26 	39 	26 
NR,NO03	19 	16 	20 	21 	18 	14 	22 	22 	23 	31 	35 	23 	32 	24 	36 	41 	28 	30 	41 	38 	42 	52 	41 	34 	31 	60 	44 	49 	63 	65 
NR,NO04	19 	30 	21 	20 	18 	31 	21 	24 	28 	36 	34 	21 	29 	31 	22 	26 	25 	29 	38 	45 	44 	35 	38 	31 	32 	48 	49 	61 	47 	64 
NR,NO05	15 	25 	31 	31 	29 	31 	28 	26 	25 	26 	30 	24 	27 	34 	45 	26 	33 	32 	28 	38 	36 	40 	40 	36 	42 	38 	57 	62 	64 	72 
NR,NO06	9 	15 	14 	7 	7 	6 	11 	11 	12 	11 	20 	17 	18 	15 	9 	6 	20 	12 	17 	9 	20 	17 	31 	19 	22 	20 	29 	38 	38 	39 
NR,NO07	21 	14 	9 	9 	13 	10 	16 	18 	13 	16 	11 	20 	27 	21 	17 	23 	12 	17 	29 	32 	26 	35 	38 	47 	43 	44 	37 	46 	52 	52 
NR,PL	1412 	1494 	1604 	1522 	1476 	1583 	1684 	1791 	1836 	2057 	2327 	2338 	2322 	2238 	2340 	2423 	2470 	2662 	2823 	3067 	3381 	3771 	4199 	5228 	5891 	7284 	7995 	9020 	9942 	10640 
NR,PL2	302 	274 	323 	312 	293 	319 	349 	348 	422 	442 	530 	500 	511 	485 	492 	510 	480 	587 	: 	687 	718 	788 	903 	1095 	1210 	1536 	1326 	1786 	1980 	1998 
NR,PL21	115 	109 	142 	122 	96 	109 	131 	134 	152 	168 	186 	182 	219 	176 	189 	191 	173 	220 	: 	259 	274 	305 	377 	440 	503 	573 	558 	729 	779 	747 
NR,PL22	187 	165 	181 	190 	197 	210 	218 	214 	270 	274 	344 	318 	292 	309 	303 	319 	307 	367 	: 	428 	444 	483 	526 	655 	707 	963 	768 	1057 	1201 	1251 
NR,PL4	206 	258 	278 	292 	257 	280 	295 	315 	294 	330 	412 	382 	446 	399 	382 	445 	407 	407 	: 	513 	568 	572 	686 	806 	972 	1202 	1095 	1497 	1668 	1803 
NR,PL41	120 	158 	156 	158 	164 	160 	163 	170 	139 	180 	220 	228 	255 	223 	207 	238 	209 	231 	: 	275 	300 	322 	395 	436 	501 	674 	574 	829 	949 	950 
NR,PL42	57 	60 	74 	77 	54 	83 	77 	83 	97 	91 	120 	93 	126 	108 	114 	125 	122 	106 	: 	152 	168 	149 	184 	249 	332 	330 	319 	395 	437 	517 
NR,PL43	29 	40 	48 	57 	39 	37 	55 	62 	58 	59 	72 	61 	65 	68 	61 	82 	76 	70 	: 	86 	100 	101 	107 	121 	139 	198 	202 	273 	282 	336 
NR,PL5	151 	146 	152 	145 	134 	164 	167 	226 	188 	229 	240 	274 	226 	229 	220 	237 	240 	284 	: 	304 	372 	358 	397 	542 	613 	734 	739 	920 	999 	1063 
NR,PL51	120 	118 	121 	105 	100 	124 	132 	171 	155 	181 	194 	220 	189 	183 	178 	202 	198 	239 	: 	248 	293 	276 	309 	405 	465 	548 	538 	654 	696 	759 
NR,PL52	31 	28 	31 	40 	34 	40 	35 	55 	33 	48 	46 	54 	37 	46 	42 	35 	42 	45 	: 	56 	79 	82 	88 	137 	148 	186 	201 	266 	303 	304 
NR,PL6	241 	243 	272 	249 	222 	242 	271 	268 	299 	328 	366 	371 	380 	329 	371 	365 	411 	424 	: 	484 	478 	646 	643 	844 	956 	1258 	1059 	1582 	1721 	1750 
NR,PL61	95 	78 	107 	88 	78 	93 	88 	100 	126 	131 	147 	136 	133 	120 	136 	148 	159 	172 	: 	187 	200 	273 	269 	342 	358 	514 	460 	663 	694 	722 
NR,PL62	52 	58 	61 	67 	53 	67 	80 	59 	70 	75 	83 	83 	84 	75 	94 	66 	91 	76 	: 	117 	90 	150 	142 	198 	238 	262 	246 	383 	420 	402 
NR,PL63	94 	107 	104 	94 	91 	82 	103 	109 	103 	122 	136 	152 	163 	134 	141 	151 	161 	176 	: 	180 	188 	223 	232 	304 	360 	482 	353 	536 	607 	626 
NR,PL7	111 	143 	141 	131 	146 	132 	157 	: 	: 	: 	: 	: 	: 	: 	: 	: 	: 	: 	: 	: 	: 	: 	: 	: 	: 	: 	: 	: 	: 	: 
NR,PL71	82 	102 	110 	86 	106 	99 	105 	: 	: 	: 	: 	: 	: 	: 	: 	: 	: 	: 	: 	: 	: 	: 	: 	: 	: 	: 	: 	: 	: 	: 
NR,PL72	29 	41 	31 	45 	40 	33 	52 	: 	: 	: 	: 	: 	: 	: 	: 	: 	: 	: 	: 	: 	: 	: 	: 	: 	: 	: 	: 	: 	: 	: 
NR,PL8	212 	225 	226 	198 	203 	232 	231 	: 	: 	: 	: 	: 	: 	: 	: 	: 	: 	: 	: 	: 	: 	: 	: 	: 	: 	: 	: 	: 	: 	: 
NR,PL81	87 	85 	97 	69 	74 	83 	90 	: 	: 	: 	: 	: 	: 	: 	: 	: 	: 	: 	: 	: 	: 	: 	: 	: 	: 	: 	: 	: 	: 	: 
NR,PL82	83 	90 	72 	91 	80 	99 	92 	: 	: 	: 	: 	: 	: 	: 	: 	: 	: 	: 	: 	: 	: 	: 	: 	: 	: 	: 	: 	: 	: 	: 
NR,PL84	42 	50 	57 	38 	49 	50 	49 	: 	: 	: 	: 	: 	: 	: 	: 	: 	: 	: 	: 	: 	: 	: 	: 	: 	: 	: 	: 	: 	: 	: 
NR,PL9	189 	205 	212 	195 	221 	214 	214 	: 	: 	: 	: 	: 	: 	: 	: 	: 	: 	: 	: 	: 	: 	: 	: 	: 	: 	: 	: 	: 	: 	: 
NR,PL91	100 	116 	117 	108 	125 	123 	95 	: 	: 	: 	: 	: 	: 	: 	: 	: 	: 	: 	: 	: 	: 	: 	: 	: 	: 	: 	: 	: 	: 	: 
NR,PL92	89 	89 	95 	87 	96 	91 	119 	: 	: 	: 	: 	: 	: 	: 	: 	: 	: 	: 	: 	: 	: 	: 	: 	: 	: 	: 	: 	: 	: 	: 
NR,PT	246 	287 	229 	282 	250 	236 	244 	303 	302 	256 	362 	340 	353 	349 	384 	420 	466 	574 	567 	662 	651 	679 	726 	747 	796 	865 	985 	1052 	1254 	1266 
NR,PT1	236 	274 	217 	273 	233 	220 	228 	283 	286 	236 	338 	324 	329 	326 	353 	388 	432 	534 	514 	597 	592 	624 	664 	683 	732 	799 	896 	954 	1167 	1168 
NR,PT11	68 	77 	54 	96 	72 	71 	75 	80 	99 	68 	107 	90 	121 	111 	143 	153 	169 	223 	246 	260 	286 	278 	309 	338 	350 	346 	407 	458 	577 	604 
NR,PT15	12 	18 	10 	11 	9 	11 	10 	20 	12 	9 	12 	16 	19 	24 	18 	20 	21 	23 	18 	24 	20 	31 	23 	20 	26 	29 	25 	35 	36 	43 
NR,PT16	36 	39 	44 	36 	44 	40 	33 	64 	48 	36 	47 	73 	55 	62 	60 	69 	88 	88 	87 	109 	110 	107 	123 	114 	129 	172 	183 	173 	223 	218 
NR,PT17	104 	121 	91 	110 	88 	85 	92 	103 	113 	109 	143 	120 	111 	109 	108 	122 	118 	169 	138 	165 	149 	173 	176 	178 	181 	202 	227 	234 	264 	238 
NR,PT18	16 	19 	18 	20 	20 	13 	18 	16 	14 	14 	29 	25 	23 	20 	24 	24 	36 	31 	25 	39 	27 	35 	33 	33 	46 	50 	54 	54 	67 	65 
NR,PT2	5 	9 	5 	4 	10 	8 	11 	15 	8 	15 	15 	13 	9 	11 	19 	18 	9 	20 	16 	28 	32 	17 	37 	28 	31 	30 	40 	60 	51 	55 
NR,PT20	5 	9 	5 	4 	10 	8 	11 	15 	8 	15 	15 	13 	9 	11 	19 	18 	9 	20 	16 	28 	32 	17 	37 	28 	31 	30 	40 	60 	51 	55 
NR,PT3	5 	4 	7 	5 	7 	8 	5 	5 	8 	5 	8 	3 	13 	12 	10 	11 	25 	18 	26 	26 	17 	32 	21 	36 	33 	36 	49 	38 	36 	43 
NR,PT30	5 	4 	7 	5 	7 	8 	5 	5 	8 	5 	8 	3 	13 	12 	10 	11 	25 	18 	26 	26 	17 	32 	21 	36 	33 	36 	49 	38 	36 	43 
NR,RO	1151 	1226 	1368 	1398 	1507 	1632 	1677 	1812 	1850 	2078 	2250 	2434 	2574 	3052 	3310 	3640 	3546 	3648 	4057 	4370 	4360 	4868 	5209 	5158 	5027 	5894 	5822 	6080 	6258 	8471 
NR,RO1	341 	354 	369 	380 	409 	411 	422 	435 	482 	479 	572 	610 	655 	746 	777 	887 	779 	844 	866 	965 	1053 	1116 	1179 	923 	1202 	1379 	1274 	1330 	1420 	1817 
NR,RO11	171 	194 	188 	193 	212 	197 	212 	225 	228 	249 	295 	318 	327 	405 	393 	441 	389 	450 	470 	524 	593 	614 	675 	376 	542 	657 	771 	798 	855 	1057 
NR,RO12	170 	160 	181 	187 	197 	214 	210 	210 	254 	230 	277 	292 	328 	341 	384 	446 	390 	394 	396 	441 	460 	502 	504 	547 	660 	722 	503 	532 	565 	760 
NR,RO2	389 	428 	447 	488 	496 	578 	588 	663 	638 	758 	755 	843 	955 	1055 	1217 	1310 	1382 	1450 	1648 	1736 	1670 	1853 	1985 	2001 	1948 	2358 	2223 	2373 	2349 	3134 
NR,RO21	196 	264 	259 	272 	299 	330 	348 	382 	368 	434 	459 	476 	602 	663 	752 	812 	872 	926 	1069 	1150 	1052 	1178 	1299 	1300 	1028 	1233 	1428 	1492 	1458 	1890 
NR,RO22	193 	164 	188 	216 	197 	248 	240 	281 	270 	324 	296 	367 	353 	392 	465 	498 	510 	524 	579 	586 	618 	675 	686 	701 	920 	1125 	795 	881 	891 	1244 
NR,RO3	209 	254 	307 	300 	324 	369 	365 	382 	420 	484 	505 	548 	515 	706 	731 	762 	795 	718 	897 	907 	908 	1023 	1084 	1119 	891 	981 	1315 	1310 	1328 	1939 
NR,RO31	137 	162 	185 	199 	200 	258 	224 	280 	290 	335 	343 	379 	351 	497 	527 	563 	607 	540 	687 	673 	682 	768 	826 	883 	775 	835 	965 	989 	972 	1414 
NR,RO32	72 	92 	122 	101 	124 	111 	141 	102 	130 	149 	162 	169 	164 	209 	204 	199 	188 	178 	210 	234 	226 	255 	258 	236 	116 	146 	350 	321 	356 	525 
NR,RO4	212 	190 	245 	230 	278 	274 	302 	332 	310 	357 	418 	433 	449 	545 	585 	681 	590 	636 	646 	762 	729 	876 	961 	1115 	986 	1176 	1010 	1067 	1161 	1581 
NR,RO41	109 	100 	118 	117 	148 	145 	170 	180 	166 	176 	224 	223 	233 	318 	331 	381 	320 	343 	340 	418 	420 	527 	536 	575 	667 	779 	537 	559 	581 	867 
NR,RO42	103 	90 	127 	113 	130 	129 	132 	152 	144 	181 	194 	210 	216 	227 	254 	300 	270 	293 	306 	344 	309 	349 	425 	540 	319 	397 	473 	508 	580 	714 
NR,RS	308 	311 	305 	348 	346 	381 	413 	415 	414 	460 	492 	460 	484 	525 	579 	633 	711 	790 	799 	785 	792 	882 	: 	: 	: 	: 	: 	: 	: 	: 
NR,RS1	143 	137 	151 	: 	: 	: 	: 	: 	: 	: 	: 	: 	: 	: 	: 	: 	: 	: 	: 	: 	: 	: 	: 	: 	: 	: 	: 	: 	: 	: 
NR,RS11	66 	73 	73 	: 	: 	: 	: 	: 	: 	: 	: 	: 	: 	: 	: 	: 	: 	: 	: 	: 	: 	: 	: 	: 	: 	: 	: 	: 	: 	: 
NR,RS12	77 	64 	78 	: 	: 	: 	: 	: 	: 	: 	: 	: 	: 	: 	: 	: 	: 	: 	: 	: 	: 	: 	: 	: 	: 	: 	: 	: 	: 	: 
NR,RS2	165 	174 	154 	: 	: 	: 	: 	: 	: 	: 	: 	: 	: 	: 	: 	: 	: 	: 	: 	: 	: 	: 	: 	: 	: 	: 	: 	: 	: 	: 
NR,RS21	89 	80 	82 	: 	: 	: 	: 	: 	: 	: 	: 	: 	: 	: 	: 	: 	: 	: 	: 	: 	: 	: 	: 	: 	: 	: 	: 	: 	: 	: 
NR,RS22	76 	94 	72 	: 	: 	: 	: 	: 	: 	: 	: 	: 	: 	: 	: 	: 	: 	: 	: 	: 	: 	: 	: 	: 	: 	: 	: 	: 	: 	: 
NR,SE	237 	235 	278 	292 	282 	251 	306 	293 	235 	294 	278 	272 	268 	297 	246 	314 	308 	313 	334 	309 	297 	316 	328 	377 	429 	499 	571 	657 	761 	739 
NR,SE1	81 	97 	113 	102 	106 	93 	129 	115 	87 	110 	115 	120 	103 	119 	106 	113 	120 	134 	133 	125 	121 	140 	130 	146 	173 	201 	222 	232 	267 	285 
NR,SE11	38 	57 	62 	58 	63 	42 	73 	64 	48 	61 	55 	69 	60 	77 	63 	64 	67 	70 	68 	75 	68 	81 	62 	74 	96 	112 	129 	124 	135 	161 
NR,SE12	43 	40 	51 	44 	43 	51 	56 	51 	39 	49 	60 	51 	43 	42 	43 	49 	53 	64 	65 	50 	53 	59 	68 	72 	77 	89 	93 	108 	132 	124 
NR,SE2	115 	91 	120 	143 	120 	114 	125 	122 	109 	133 	124 	116 	120 	116 	106 	150 	129 	117 	152 	117 	127 	116 	143 	165 	172 	202 	245 	299 	322 	296 
NR,SE21	25 	19 	27 	28 	26 	21 	28 	23 	28 	22 	25 	29 	34 	29 	22 	28 	28 	33 	38 	34 	31 	32 	26 	31 	34 	48 	53 	65 	77 	54 
NR,SE22	37 	37 	42 	53 	46 	49 	37 	51 	39 	47 	39 	37 	43 	32 	37 	40 	44 	35 	50 	35 	45 	36 	52 	50 	48 	65 	83 	91 	96 	90 
NR,SE23	53 	35 	51 	62 	48 	44 	60 	48 	42 	64 	60 	50 	43 	55 	47 	82 	57 	49 	64 	48 	51 	48 	65 	84 	90 	89 	109 	143 	149 	152 
NR,SE3	41 	47 	45 	47 	56 	44 	52 	56 	39 	51 	39 	36 	45 	62 	34 	51 	59 	62 	49 	67 	49 	60 	55 	66 	84 	96 	104 	126 	172 	158 
NR,SE31	19 	29 	28 	30 	28 	26 	26 	30 	16 	22 	19 	13 	18 	31 	21 	20 	25 	29 	29 	29 	19 	34 	26 	37 	40 	42 	60 	72 	88 	68 
NR,SE32	11 	3 	4 	6 	8 	8 	11 	9 	9 	9 	9 	6 	9 	21 	6 	16 	11 	13 	4 	10 	10 	7 	14 	6 	16 	19 	17 	24 	36 	33 
NR,SE33	11 	15 	13 	11 	20 	10 	15 	17 	14 	20 	11 	17 	18 	10 	7 	15 	23 	20 	16 	28 	20 	19 	15 	23 	28 	35 	27 	30 	48 	57 
NR,SI	40 	33 	42 	41 	33 	39 	62 	36 	64 	56 	52 	52 	55 	64 	75 	66 	69 	67 	74 	89 	79 	93 	94 	89 	105 	126 	134 	177 	178 	187 
NR,SI0	40 	33 	42 	41 	33 	39 	62 	36 	64 	56 	52 	52 	55 	64 	75 	66 	69 	67 	74 	89 	79 	93 	94 	89 	105 	126 	134 	177 	178 	187 
NR,SI03	22 	15 	20 	19 	19 	21 	25 	17 	39 	24 	30 	33 	36 	41 	42 	41 	50 	: 	: 	: 	: 	: 	: 	: 	: 	: 	: 	: 	: 	: 
NR,SI04	18 	18 	22 	22 	14 	18 	37 	19 	25 	32 	22 	19 	19 	23 	33 	25 	19 	: 	: 	: 	: 	: 	: 	: 	: 	: 	: 	: 	: 	: 
NR,SK	292 	288 	263 	311 	285 	318 	301 	321 	300 	344 	346 	336 	334 	355 	392 	365 	406 	388 	319 	473 	467 	506 	514 	615 	675 	743 	779 	939 	1040 	959 
NR,SK0	292 	288 	263 	311 	285 	318 	301 	321 	300 	344 	346 	336 	334 	355 	392 	365 	406 	388 	319 	473 	467 	506 	514 	615 	675 	743 	779 	939 	1040 	959 
NR,SK01	23 	20 	23 	16 	13 	18 	15 	31 	15 	26 	27 	13 	21 	19 	29 	26 	25 	23 	20 	27 	25 	29 	47 	38 	: 	: 	: 	: 	: 	: 
NR,SK02	48 	49 	53 	76 	59 	63 	57 	71 	69 	72 	76 	71 	61 	79 	80 	81 	87 	76 	81 	97 	110 	117 	105 	151 	: 	: 	: 	: 	: 	: 
NR,SK03	58 	54 	41 	33 	55 	58 	57 	71 	54 	62 	71 	68 	81 	71 	80 	83 	86 	92 	70 	98 	97 	106 	121 	166 	: 	: 	: 	: 	: 	: 
NR,SK04	163 	165 	146 	186 	158 	179 	172 	148 	162 	184 	172 	184 	171 	186 	203 	175 	208 	197 	148 	251 	235 	254 	241 	260 	: 	: 	: 	: 	: 	: 
NR,TR	10770 	11629 	11849 	13036 	14164 	14821 	13900 	14845 	14511 	15094 	17354 	: 	: 	: 	: 	: 	: 	: 	: 	: 	: 	: 	: 	: 	: 	: 	: 	: 	: 	: 
NR,TR1	1528 	1684 	1724 	1933 	2061 	2125 	1821 	1930 	1686 	2054 	2395 	: 	: 	: 	: 	: 	: 	: 	: 	: 	: 	: 	: 	: 	: 	: 	: 	: 	: 	: 
NR,TR10	1528 	1684 	1724 	1933 	2061 	2125 	1821 	1930 	1686 	2054 	2395 	: 	: 	: 	: 	: 	: 	: 	: 	: 	: 	: 	: 	: 	: 	: 	: 	: 	: 	: 
NR,TR2	279 	273 	307 	265 	288 	324 	343 	405 	342 	372 	482 	: 	: 	: 	: 	: 	: 	: 	: 	: 	: 	: 	: 	: 	: 	: 	: 	: 	: 	: 
NR,TR21	155 	155 	178 	144 	138 	188 	177 	159 	169 	169 	214 	: 	: 	: 	: 	: 	: 	: 	: 	: 	: 	: 	: 	: 	: 	: 	: 	: 	: 	: 
NR,TR22	124 	118 	129 	121 	150 	136 	166 	246 	173 	203 	268 	: 	: 	: 	: 	: 	: 	: 	: 	: 	: 	: 	: 	: 	: 	: 	: 	: 	: 	: 
NR,TR3	973 	1068 	1029 	1142 	1236 	1217 	1139 	1536 	1435 	1464 	1848 	: 	: 	: 	: 	: 	: 	: 	: 	: 	: 	: 	: 	: 	: 	: 	: 	: 	: 	: 
NR,TR31	360 	364 	366 	393 	491 	503 	378 	587 	550 	489 	670 	: 	: 	: 	: 	: 	: 	: 	: 	: 	: 	: 	: 	: 	: 	: 	: 	: 	: 	: 
NR,TR32	275 	317 	279 	331 	327 	311 	314 	396 	412 	422 	504 	: 	: 	: 	: 	: 	: 	: 	: 	: 	: 	: 	: 	: 	: 	: 	: 	: 	: 	: 
NR,TR33	338 	387 	384 	418 	418 	403 	447 	553 	473 	553 	674 	: 	: 	: 	: 	: 	: 	: 	: 	: 	: 	: 	: 	: 	: 	: 	: 	: 	: 	: 
NR,TR4	745 	866 	816 	919 	905 	956 	881 	1015 	973 	998 	1284 	: 	: 	: 	: 	: 	: 	: 	: 	: 	: 	: 	: 	: 	: 	: 	: 	: 	: 	: 
NR,TR41	326 	397 	368 	477 	437 	486 	442 	467 	492 	479 	651 	: 	: 	: 	: 	: 	: 	: 	: 	: 	: 	: 	: 	: 	: 	: 	: 	: 	: 	: 
NR,TR42	419 	469 	448 	442 	468 	470 	439 	548 	481 	519 	633 	: 	: 	: 	: 	: 	: 	: 	: 	: 	: 	: 	: 	: 	: 	: 	: 	: 	: 	: 
NR,TR5	794 	900 	906 	905 	975 	945 	1026 	1140 	1206 	1233 	1434 	: 	: 	: 	: 	: 	: 	: 	: 	: 	: 	: 	: 	: 	: 	: 	: 	: 	: 	: 
NR,TR51	512 	551 	538 	526 	579 	530 	573 	602 	638 	573 	695 	: 	: 	: 	: 	: 	: 	: 	: 	: 	: 	: 	: 	: 	: 	: 	: 	: 	: 	: 
NR,TR52	282 	349 	368 	379 	396 	415 	453 	538 	568 	660 	739 	: 	: 	: 	: 	: 	: 	: 	: 	: 	: 	: 	: 	: 	: 	: 	: 	: 	: 	: 
NR,TR6	1342 	1436 	1522 	1749 	1885 	2035 	1955 	2024 	1983 	2006 	2268 	: 	: 	: 	: 	: 	: 	: 	: 	: 	: 	: 	: 	: 	: 	: 	: 	: 	: 	: 
NR,TR61	264 	296 	320 	352 	391 	400 	342 	403 	360 	435 	480 	: 	: 	: 	: 	: 	: 	: 	: 	: 	: 	: 	: 	: 	: 	: 	: 	: 	: 	: 
NR,TR62	501 	506 	590 	671 	753 	892 	850 	789 	764 	784 	923 	: 	: 	: 	: 	: 	: 	: 	: 	: 	: 	: 	: 	: 	: 	: 	: 	: 	: 	: 
NR,TR63	577 	634 	612 	726 	741 	743 	763 	832 	859 	787 	865 	: 	: 	: 	: 	: 	: 	: 	: 	: 	: 	: 	: 	: 	: 	: 	: 	: 	: 	: 
NR,TR7	560 	522 	509 	518 	651 	632 	577 	676 	683 	695 	792 	: 	: 	: 	: 	: 	: 	: 	: 	: 	: 	: 	: 	: 	: 	: 	: 	: 	: 	: 
NR,TR71	226 	210 	200 	191 	211 	240 	209 	264 	256 	286 	328 	: 	: 	: 	: 	: 	: 	: 	: 	: 	: 	: 	: 	: 	: 	: 	: 	: 	: 	: 
NR,TR72	334 	312 	309 	327 	440 	392 	368 	412 	427 	409 	464 	: 	: 	: 	: 	: 	: 	: 	: 	: 	: 	: 	: 	: 	: 	: 	: 	: 	: 	: 
NR,TR8	375 	458 	382 	451 	457 	576 	487 	622 	599 	689 	832 	: 	: 	: 	: 	: 	: 	: 	: 	: 	: 	: 	: 	: 	: 	: 	: 	: 	: 	: 
NR,TR81	52 	97 	86 	98 	79 	101 	91 	120 	106 	114 	133 	: 	: 	: 	: 	: 	: 	: 	: 	: 	: 	: 	: 	: 	: 	: 	: 	: 	: 	: 
NR,TR82	56 	83 	52 	73 	67 	77 	82 	98 	81 	110 	122 	: 	: 	: 	: 	: 	: 	: 	: 	: 	: 	: 	: 	: 	: 	: 	: 	: 	: 	: 
NR,TR83	267 	278 	244 	280 	311 	398 	314 	404 	412 	465 	577 	: 	: 	: 	: 	: 	: 	: 	: 	: 	: 	: 	: 	: 	: 	: 	: 	: 	: 	: 
NR,TR9	186 	233 	285 	228 	254 	302 	263 	348 	341 	363 	404 	: 	: 	: 	: 	: 	: 	: 	: 	: 	: 	: 	: 	: 	: 	: 	: 	: 	: 	: 
NR,TR90	186 	233 	285 	228 	254 	302 	263 	348 	341 	363 	404 	: 	: 	: 	: 	: 	: 	: 	: 	: 	: 	: 	: 	: 	: 	: 	: 	: 	: 	: 
NR,TRA	414 	440 	507 	570 	630 	641 	727 	656 	775 	691 	621 	: 	: 	: 	: 	: 	: 	: 	: 	: 	: 	: 	: 	: 	: 	: 	: 	: 	: 	: 
NR,TRA1	165 	172 	217 	217 	241 	245 	285 	205 	240 	239 	279 	: 	: 	: 	: 	: 	: 	: 	: 	: 	: 	: 	: 	: 	: 	: 	: 	: 	: 	: 
NR,TRA2	249 	268 	290 	353 	389 	396 	442 	451 	535 	452 	342 	: 	: 	: 	: 	: 	: 	: 	: 	: 	: 	: 	: 	: 	: 	: 	: 	: 	: 	: 
NR,TRB	841 	855 	1002 	1104 	1180 	1254 	1286 	1091 	1129 	1215 	1456 	: 	: 	: 	: 	: 	: 	: 	: 	: 	: 	: 	: 	: 	: 	: 	: 	: 	: 	: 
NR,TRB1	247 	253 	281 	341 	306 	359 	392 	470 	378 	440 	517 	: 	: 	: 	: 	: 	: 	: 	: 	: 	: 	: 	: 	: 	: 	: 	: 	: 	: 	: 
NR,TRB2	594 	602 	721 	763 	874 	895 	894 	621 	751 	775 	939 	: 	: 	: 	: 	: 	: 	: 	: 	: 	: 	: 	: 	: 	: 	: 	: 	: 	: 	: 
NR,TRC	2733 	2894 	2860 	3252 	3642 	3814 	3395 	3402 	3359 	3314 	3538 	: 	: 	: 	: 	: 	: 	: 	: 	: 	: 	: 	: 	: 	: 	: 	: 	: 	: 	: 
NR,TRC1	852 	869 	778 	884 	1059 	1103 	1030 	965 	968 	999 	1190 	: 	: 	: 	: 	: 	: 	: 	: 	: 	: 	: 	: 	: 	: 	: 	: 	: 	: 	: 
NR,TRC2	1264 	1263 	1347 	1600 	1750 	1730 	1499 	1538 	1511 	1476 	1462 	: 	: 	: 	: 	: 	: 	: 	: 	: 	: 	: 	: 	: 	: 	: 	: 	: 	: 	: 
NR,TRC3	617 	762 	735 	768 	833 	981.0 	866 	899 	880 	839 	886 	: 	: 	: 	: 	: 	: 	: 	: 	: 	: 	: 	: 	: 	: 	: 	: 	: 	: 	: 
NR,UK	: 	2817 	2947 	2976 	3005 	2990 	3030 	3234 	3386 	3416 	3563 	3663 	3659 	3662 	3608 	3594 	3645 	3501 	3654 	3773 	4036 	4075 	4246 	4459 	4524 	4611 	4835 	: 	: 	: 
NR,UKC	: 	92 	86 	99 	95 	119 	92 	105 	104 	116 	107 	125 	138 	157 	124 	131 	124 	128 	141 	172 	151 	: 	: 	: 	: 	199 	221 	: 	: 	: 
NR,UKC1	: 	39 	44 	61 	50 	61 	40 	47 	54 	61 	49 	65 	64 	89 	69 	67 	58 	58 	80 	78 	71 	: 	: 	: 	: 	77 	82 	: 	: 	: 
NR,UKC2	: 	53 	42 	38 	45 	58 	52 	58 	50 	55 	58 	60 	74 	68 	55 	64 	66 	70 	61 	94 	80 	: 	: 	: 	: 	122 	139 	: 	: 	: 
NR,UKD	: 	345 	397 	419 	355 	372 	355 	379 	400 	403 	407 	445 	419 	464 	461 	426 	454 	398 	437 	469 	523 	: 	: 	: 	: 	532 	586 	: 	: 	: 
NR,UKD1	: 	18 	11 	22 	13 	21 	14 	21 	16 	8 	17 	25 	21 	23 	21 	21 	28 	12 	22 	16 	27 	: 	: 	: 	: 	28 	41 	: 	: 	: 
NR,UKD3	: 	149 	180 	199 	159 	164 	148 	153 	179 	183 	168 	194 	182 	190 	174 	187 	188 	177 	188 	197 	214 	: 	: 	: 	: 	218 	247 	: 	: 	: 
NR,UKD4	: 	73 	85 	80 	79 	78 	93 	84 	91 	94 	102 	91 	95 	110 	106 	88 	106 	78 	104 	111 	113 	: 	: 	: 	: 	122 	125 	: 	: 	: 
NR,UKD6	: 	28 	31 	35 	32 	45 	35 	38 	45 	35 	41 	49 	37 	46 	45 	49 	49 	50 	37 	37 	: 	: 	: 	: 	: 	: 	: 	: 	: 	: 
NR,UKD7	: 	77 	90 	83 	72 	64 	65 	83 	69 	83 	79 	86 	84 	95 	115 	81 	83 	81 	86 	108 	: 	: 	: 	: 	: 	: 	: 	: 	: 	: 
NR,UKE	: 	256 	260 	234 	287 	258 	279 	282 	313 	341 	351 	345 	355 	355 	369 	331 	336 	341 	320 	402 	356 	: 	: 	: 	: 	488 	478 	: 	: 	: 
NR,UKE1	: 	31 	47 	31 	38 	29 	40 	41 	42 	51 	52 	46 	42 	51 	46 	44 	45 	48 	53 	53 	52 	: 	: 	: 	: 	74 	77 	: 	: 	: 
NR,UKE2	: 	24 	18 	16 	19 	24 	33 	24 	24 	33 	36 	26 	32 	31 	39 	30 	18 	21 	20 	45 	35 	: 	: 	: 	: 	48 	53 	: 	: 	: 
NR,UKE3	: 	67 	49 	58 	84 	69 	74 	80 	71 	83 	76 	81 	98 	95 	82 	93 	84 	89 	76 	95 	91 	: 	: 	: 	: 	148 	140 	: 	: 	: 
NR,UKE4	: 	134 	146 	129 	146 	136 	132 	137 	176 	174 	187 	192 	183 	178 	202 	164 	189 	183 	171 	209 	178 	: 	: 	: 	: 	218 	208 	: 	: 	: 
NR,UKF	: 	198 	215 	215 	245 	231 	205 	239 	233 	217 	264 	261 	270 	266 	224 	243 	277 	252 	221 	248 	287 	: 	: 	: 	: 	347 	337 	: 	: 	: 
NR,UKF1	: 	98 	95 	94 	119 	126 	87 	87 	99 	99 	135 	124 	124 	117 	103 	117 	114 	129 	117 	130 	120 	: 	: 	: 	: 	168 	146 	: 	: 	: 
NR,UKF2	: 	87 	92 	96 	104 	84 	88 	108 	108 	89 	97 	100 	106 	114 	91 	87 	118 	84 	80 	90 	126 	: 	: 	: 	: 	141 	148 	: 	: 	: 
NR,UKF3	: 	13 	28 	25 	22 	21 	30 	44 	26 	29 	32 	37 	40 	35 	30 	39 	45 	39 	24 	28 	41 	: 	: 	: 	: 	38 	43 	: 	: 	: 
NR,UKG	: 	386 	380 	440 	428 	388 	384 	390 	425 	388 	421 	462 	412 	424 	420 	433 	459 	392 	384 	422 	436 	: 	: 	: 	: 	498 	499 	: 	: 	: 
NR,UKG1	: 	58 	39 	65 	70 	66 	50 	44 	52 	60 	62 	55 	62 	49 	68 	75 	59 	44 	52 	60 	67 	: 	: 	: 	: 	76 	84 	: 	: 	: 
NR,UKG2	: 	87 	92 	86 	110 	81 	86 	91 	95 	84 	100 	99 	99 	94 	94 	90 	109 	89 	91 	111 	100 	: 	: 	: 	: 	124 	121 	: 	: 	: 
NR,UKG3	: 	241 	249 	289 	248 	241 	248 	255 	278 	244 	259 	308 	251 	281 	258 	268 	291 	259 	241 	251 	269 	: 	: 	: 	: 	298 	294 	: 	: 	: 
NR,UKH	: 	239 	242 	230 	224 	262 	237 	289 	289 	255 	284 	307 	297 	270 	255 	268 	276 	265 	270 	265 	290 	: 	: 	: 	: 	362 	366 	: 	: 	: 
NR,UKH1	: 	95 	83 	94 	84 	105 	94 	127 	118 	101 	105 	121 	118 	111 	101 	109 	115 	85 	101 	94 	112 	: 	: 	: 	: 	132 	123 	: 	: 	: 
NR,UKH2	: 	82 	91 	78 	67 	82 	67 	83 	97 	74 	117 	106 	85 	79 	90 	85 	78 	92 	100 	98 	97 	: 	: 	: 	: 	121 	109 	: 	: 	: 
NR,UKH3	: 	62 	68 	58 	73 	75 	76 	79 	74 	80 	62 	80 	94 	80 	64 	74 	83 	88 	69 	73 	81 	: 	: 	: 	: 	109 	134 	: 	: 	: 
NR,UKI	: 	383 	438 	419 	422 	393 	486 	510 	540 	613 	570 	541 	559 	579 	580 	586 	596 	590 	631 	566 	633 	: 	: 	: 	: 	662 	673 	: 	: 	: 
NR,UKI3	: 	36 	42 	42 	26 	43 	59 	: 	: 	: 	: 	: 	: 	: 	: 	: 	: 	: 	: 	: 	: 	: 	: 	: 	: 	: 	: 	: 	: 	: 
NR,UKI4	: 	117 	132 	113 	162 	126 	140 	: 	: 	: 	: 	: 	: 	: 	: 	: 	: 	: 	: 	: 	: 	: 	: 	: 	: 	: 	: 	: 	: 	: 
NR,UKI5	: 	94 	92 	101 	84 	76 	112 	: 	: 	: 	: 	: 	: 	: 	: 	: 	: 	: 	: 	: 	: 	: 	: 	: 	: 	: 	: 	: 	: 	: 
NR,UKI6	: 	59 	66 	73 	59 	56 	57 	: 	: 	: 	: 	: 	: 	: 	: 	: 	: 	: 	: 	: 	: 	: 	: 	: 	: 	: 	: 	: 	: 	: 
NR,UKI7	: 	77 	106 	90 	91 	92 	118 	: 	: 	: 	: 	: 	: 	: 	: 	: 	: 	: 	: 	: 	: 	: 	: 	: 	: 	: 	: 	: 	: 	: 
NR,UKJ	: 	353 	382 	351 	307 	333 	348 	351 	371 	374 	395 	405 	386 	402 	363 	361 	389 	388 	368 	395 	448 	: 	: 	: 	: 	441 	525 	: 	: 	: 
NR,UKJ1	: 	90 	121 	109 	92 	97 	129 	119 	118 	124 	130 	139 	118 	130 	120 	107 	126 	96 	135 	120 	140 	: 	: 	: 	: 	127 	150 	: 	: 	: 
NR,UKJ2	: 	113 	80 	77 	91 	101 	92 	115 	112 	104 	113 	115 	117 	127 	96 	110 	105 	118 	83 	123 	118 	: 	: 	: 	: 	143 	132 	: 	: 	: 
NR,UKJ3	: 	77 	94 	80 	57 	66 	68 	57 	71 	78 	77 	72 	72 	68 	63 	64 	65 	79 	90 	84 	100 	: 	: 	: 	: 	89 	114 	: 	: 	: 
NR,UKJ4	: 	73 	87 	85 	67 	69 	59 	60 	70 	68 	75 	79 	79 	77 	84 	80 	93 	95 	60 	68 	90 	: 	: 	: 	: 	82 	129 	: 	: 	: 
NR,UKK	: 	197 	172 	180 	212 	192 	225 	221 	216 	187 	217 	223 	230 	220 	236 	244 	204 	216 	263 	230 	239 	: 	: 	: 	: 	294 	319 	: 	: 	: 
NR,UKK1	: 	86 	84 	83 	100 	88 	100 	93 	84 	80 	95 	108 	106 	102 	101 	114 	109 	99 	134 	113 	114 	: 	: 	: 	: 	126 	144 	: 	: 	: 
NR,UKK2	: 	46 	33 	45 	45 	41 	49 	51 	48 	34 	55 	51 	50 	51 	57 	50 	38 	55 	56 	49 	54 	: 	: 	: 	: 	72 	70 	: 	: 	: 
NR,UKK3	: 	26 	18 	18 	25 	21 	26 	30 	31 	20 	16 	22 	20 	22 	22 	28 	19 	24 	23 	18 	23 	: 	: 	: 	: 	25 	33 	: 	: 	: 
NR,UKK4	: 	39 	37 	34 	42 	42 	50 	47 	53 	53 	51 	42 	54 	45 	56 	52 	38 	38 	50 	50 	48 	: 	: 	: 	: 	71 	72 	: 	: 	: 
NR,UKL	: 	109 	111 	101 	123 	123 	122 	140 	132 	139 	157 	144 	174 	127 	133 	163 	124 	140 	165 	162 	202 	: 	: 	: 	: 	206 	202 	: 	: 	: 
NR,UKL1	: 	64 	63 	56 	76 	73 	71 	83 	85 	80 	99 	88 	104 	85 	81 	92 	74 	87 	94 	90 	136 	: 	: 	: 	: 	132 	106 	: 	: 	: 
NR,UKL2	: 	45 	48 	45 	47 	50 	51 	57 	47 	59 	58 	56 	70 	42 	52 	71 	50 	53 	71 	72 	66 	: 	: 	: 	: 	74 	96 	: 	: 	: 
NR,UKM	: 	163 	176 	179 	185 	203 	185 	219 	237 	218 	235 	253 	272 	248 	284 	266 	265 	270 	290 	305 	276 	: 	: 	: 	: 	382 	412 	: 	: 	: 
NR,UKM5	: 	10 	5 	15 	15 	24 	18 	20 	16 	20 	20 	15 	20 	30 	20 	27 	26 	15 	29 	21 	23 	: 	: 	: 	: 	34 	28 	: 	: 	: 
NR,UKM6	: 	11 	7 	5 	15 	8 	11 	18 	19 	13 	13 	16 	11 	16 	14 	15 	11 	9 	18 	16 	16 	: 	: 	: 	: 	26 	28 	: 	: 	: 
NR,UKM7	: 	71 	72 	: 	: 	: 	: 	: 	: 	: 	: 	: 	: 	: 	: 	: 	: 	: 	: 	: 	: 	: 	: 	: 	: 	: 	: 	: 	: 	: 
NR,UKM8	: 	47 	66 	: 	: 	: 	: 	: 	: 	: 	: 	: 	: 	: 	: 	: 	: 	: 	: 	: 	: 	: 	: 	: 	: 	: 	: 	: 	: 	: 
NR,UKM9	: 	24 	26 	: 	: 	: 	: 	: 	: 	: 	: 	: 	: 	: 	: 	: 	: 	: 	: 	: 	: 	: 	: 	: 	: 	: 	: 	: 	: 	: 
NR,UKN	: 	96 	88 	109 	122 	116 	112 	85 	98 	137 	119 	114 	111 	111 	128 	104 	109 	97 	129 	104 	146 	: 	: 	: 	: 	144 	172 	: 	: 	: 
NR,UKN0	: 	96 	88 	109 	122 	116 	112 	85 	98 	137 	119 	114 	111 	111 	128 	104 	109 	97 	129 	104 	146 	: 	: 	: 	: 	144 	172 	: 	: 	: 
